DATE,INR,NIFTY,Crude_Oil
02-04-2024,83.92,22453.30,83.36
01-04-2024,83.71,22462.00,
29-03-2024,83.17,,
28-03-2024,83.11,22326.90,83.37
27-03-2024,81.35,22123.65,83.33
26-03-2024,81.28,22004.70,83.36
25-03-2024,81.95,,
22-03-2024,80.82,22096.75,83.35
21-03-2024,80.93,22011.95,83.13
20-03-2024,81.68,21839.10,83.10
19-03-2024,83.12,21817.45,82.94
18-03-2024,82.79,22055.70,82.91
15-03-2024,81.04,22023.35,82.89
14-03-2024,81.08,22146.65,82.87
13-03-2024,79.72,21997.70,82.90
12-03-2024,77.98,22335.70,82.75
11-03-2024,78.11,22332.65,82.68
08-03-2024,78.01,,
07-03-2024,78.93,22493.55,82.78
06-03-2024,79.13,22474.05,82.91
05-03-2024,78.15,22356.30,82.93
04-03-2024,78.74,22405.60,82.90
01-03-2024,79.81,22338.75,82.87
29-02-2024,78.26,21982.80,82.92
28-02-2024,78.54,21951.15,82.92
27-02-2024,78.87,22198.35,82.89
26-02-2024,77.60,22122.05,82.89
23-02-2024,76.57,22212.70,82.89
22-02-2024,78.61,22217.45,82.92
21-02-2024,77.91,22055.05,82.89
20-02-2024,78.27,22196.95,82.97
19-02-2024,79.29,22122.25,
16-02-2024,79.22,22040.70,83.04
15-02-2024,78.03,21910.75,83.01
14-02-2024,76.64,21840.05,83.09
13-02-2024,77.87,21743.25,83.02
12-02-2024,76.92,21616.05,83.00
09-02-2024,76.60,21782.50,83.00
08-02-2024,76.22,21717.95,82.98
07-02-2024,73.86,21930.50,82.98
06-02-2024,73.31,21929.40,83.06
05-02-2024,72.78,21771.70,83.03
02-02-2024,72.41,21853.80,82.84
01-02-2024,73.82,21697.45,82.96
31-01-2024,75.85,21725.70,83.08
30-01-2024,77.79,21522.10,83.12
29-01-2024,76.78,21737.60,83.15
26-01-2024,78.23,,
25-01-2024,77.12,21352.60,83.12
24-01-2024,75.09,21453.95,83.15
23-01-2024,74.37,21238.80,83.10
22-01-2024,75.01,,
19-01-2024,73.71,21622.40,83.13
18-01-2024,74.08,21462.25,83.12
17-01-2024,72.56,21571.95,83.13
16-01-2024,72.40,22032.30,82.98
15-01-2024,72.50,22097.45,82.85
12-01-2024,72.76,21894.55,82.99
11-01-2024,72.02,21647.20,82.94
10-01-2024,71.37,21618.70,83.15
09-01-2024,72.24,21544.85,83.13
08-01-2024,70.77,21513.00,83.07
05-01-2024,73.95,21710.80,83.18
04-01-2024,72.19,21658.60,83.30
03-01-2024,72.70,21517.35,83.32
02-01-2024,70.38,21665.80,83.33
01-01-2024,71.65,21741.90,83.20
29-12-2023,71.33,21731.40,83.12
28-12-2023,71.77,21778.70,83.23
27-12-2023,74.11,21654.75,83.32
26-12-2023,75.57,21441.35,83.17
25-12-2023,73.56,,
22-12-2023,73.49,21349.40,83.25
21-12-2023,73.89,21255.05,83.27
20-12-2023,74.22,21150.15,83.15
19-12-2023,73.58,21453.10,83.18
18-12-2023,72.47,21418.65,83.02
15-12-2023,71.79,21456.65,83.18
14-12-2023,71.58,21182.70,83.35
13-12-2023,69.47,20926.35,83.40
12-12-2023,68.61,20906.40,83.38
11-12-2023,71.32,20997.10,83.39
08-12-2023,71.26,20969.40,83.37
07-12-2023,69.34,20901.15,83.37
06-12-2023,72.16,20937.70,83.35
05-12-2023,73.24,20855.10,83.39
04-12-2023,74.84,20686.80,83.34
01-12-2023,75.63,20267.90,83.36
30-11-2023,77.70,20133.15,83.35
29-11-2023,76.59,20096.60,83.32
28-11-2023,75.16,19889.70,83.39
27-11-2023,75.67,,
24-11-2023,75.57,19794.70,83.37
20-11-2023,78.03,19694.00,83.33
17-11-2023,75.84,19731.80,83.26
16-11-2023,72.90,19765.20,83.24
15-11-2023,76.66,19675.45,83.13
14-11-2023,78.26,,
13-11-2023,78.58,19443.55,83.32
10-11-2023,77.17,19425.35,83.35
09-11-2023,75.74,19395.30,83.28
08-11-2023,75.45,19443.50,83.27
07-11-2023,77.46,19406.70,83.27
06-11-2023,80.82,19411.75,83.22
03-11-2023,80.51,19230.60,83.27
02-11-2023,82.53,19133.25,83.26
01-11-2023,80.92,18989.15,83.28
31-10-2023,81.02,19079.60,83.27
30-10-2023,82.31,19140.90,83.27
27-10-2023,85.54,19047.25,83.25
26-10-2023,83.58,18857.25,83.24
25-10-2023,85.39,19122.15,83.15
24-10-2023,83.70,,
23-10-2023,86.51,19281.75,83.17
20-10-2023,88.75,19542.65,83.20
19-10-2023,90.30,19624.70,83.27
18-10-2023,88.25,19671.10,83.26
17-10-2023,88.06,19811.50,83.26
16-10-2023,86.82,19731.75,83.26
13-10-2023,87.69,19751.05,83.26
12-10-2023,83.46,19794.00,83.18
11-10-2023,83.20,19811.35,83.24
10-10-2023,85.92,19689.85,83.26
09-10-2023,86.45,19512.35,83.25
06-10-2023,82.79,19653.50,83.24
05-10-2023,82.89,19545.75,83.24
04-10-2023,84.37,19436.10,83.26
03-10-2023,89.39,19528.75,83.18
02-10-2023,88.47,,
29-09-2023,90.79,19638.30,83.06
28-09-2023,91.79,19523.55,83.16
27-09-2023,93.84,19716.45,83.22
26-09-2023,90.57,19664.70,83.23
25-09-2023,89.78,19674.55,83.10
22-09-2023,90.03,19674.25,82.95
21-09-2023,89.76,19742.35,83.15
20-09-2023,90.28,19901.40,83.26
19-09-2023,91.56,,
18-09-2023,92.36,20133.30,83.21
15-09-2023,90.77,20192.35,83.06
14-09-2023,90.53,20103.10,82.98
13-09-2023,88.70,20070.00,82.95
12-09-2023,88.84,19993.20,82.98
11-09-2023,87.30,19996.35,82.88
08-09-2023,87.51,19819.95,83.16
07-09-2023,86.70,19727.05,83.18
06-09-2023,87.66,19611.05,83.09
05-09-2023,86.81,19574.90,82.94
04-09-2023,85.84,19528.80,82.74
01-09-2023,85.55,19435.30,82.66
31-08-2023,83.57,19253.80,82.68
30-08-2023,81.63,19347.45,82.77
29-08-2023,81.37,19342.65,82.65
28-08-2023,80.01,19306.05,82.61
25-08-2023,80.05,19265.80,82.65
24-08-2023,79.05,19386.70,82.55
23-08-2023,78.62,19444.00,82.92
22-08-2023,80.25,19396.45,83.07
21-08-2023,80.83,19393.60,83.11
18-08-2023,81.25,19310.15,83.09
17-08-2023,80.08,19365.25,83.13
16-08-2023,79.38,19465.00,
15-08-2023,80.99,,
14-08-2023,82.39,19434.55,82.95
11-08-2023,83.19,19428.30,82.78
10-08-2023,82.89,19543.10,82.84
09-08-2023,84.26,19632.55,82.82
08-08-2023,82.75,19570.85,82.80
07-08-2023,81.94,19597.30,82.74
04-08-2023,82.82,19517.00,82.80
03-08-2023,81.79,19381.65,82.72
02-08-2023,79.71,19526.55,82.53
01-08-2023,82.25,19733.55,82.28
31-07-2023,81.64,19753.80,82.25
28-07-2023,80.67,19646.05,82.25
27-07-2023,79.63,19659.90,81.99
26-07-2023,79.01,19778.30,81.99
25-07-2023,79.32,19680.60,81.81
24-07-2023,78.87,19672.35,81.92
21-07-2023,77.07,19745.00,82.02
20-07-2023,75.63,19979.15,82.04
19-07-2023,75.23,19833.15,82.10
18-07-2023,75.75,19749.25,82.05
17-07-2023,74.10,19711.45,82.15
14-07-2023,75.27,19564.50,82.10
13-07-2023,77.23,19413.75,82.12
12-07-2023,75.75,19384.30,82.28
11-07-2023,74.83,19439.40,82.35
10-07-2023,74.10,19355.90,82.63
07-07-2023,73.86,19331.80,82.68
06-07-2023,71.84,19497.30,82.46
05-07-2023,71.79,19398.50,82.16
04-07-2023,71.05,19389.00,81.97
03-07-2023,69.79,19322.55,81.86
30-06-2023,70.64,19189.05,82.04
29-06-2023,69.59,,
28-06-2023,69.56,18972.10,82.01
27-06-2023,68.03,18817.40,81.96
26-06-2023,69.53,18691.20,81.97
23-06-2023,69.16,18665.50,82.05
22-06-2023,69.36,18771.25,81.92
21-06-2023,72.52,18856.85,82.10
20-06-2023,70.50,18816.70,82.12
19-06-2023,71.29,18755.45,81.97
16-06-2023,71.78,18826.00,81.88
15-06-2023,70.68,18688.10,82.20
14-06-2023,68.52,18755.90,82.31
13-06-2023,69.42,18716.15,82.39
12-06-2023,67.35,18601.50,82.46
09-06-2023,70.17,18563.40,82.43
08-06-2023,70.89,18634.55,82.58
07-06-2023,72.42,18726.40,82.53
06-06-2023,71.76,18599.00,82.64
05-06-2023,71.94,18593.85,82.58
02-06-2023,71.74,18534.10,82.32
01-06-2023,70.07,18487.75,82.46
31-05-2023,67.69,18534.40,82.68
30-05-2023,69.54,18633.85,82.73
29-05-2023,72.94,18598.65,82.55
26-05-2023,72.67,18499.35,82.72
25-05-2023,71.79,18321.15,82.75
24-05-2023,74.21,18285.40,82.72
23-05-2023,73.81,18348.00,82.80
22-05-2023,71.99,18314.40,82.80
19-05-2023,71.55,18203.40,82.70
18-05-2023,71.99,18129.95,82.48
17-05-2023,72.68,18181.75,82.37
16-05-2023,70.63,18286.50,82.27
15-05-2023,71.48,18398.85,82.28
12-05-2023,70.04,18314.80,82.16
11-05-2023,71.32,18297.00,82.04
10-05-2023,72.89,18315.10,82.02
09-05-2023,73.61,18265.95,82.02
08-05-2023,73.00,18264.40,81.76
05-05-2023,71.34,18069.00,
04-05-2023,68.74,18255.80,81.74
03-05-2023,67.24,18089.85,81.86
02-05-2023,71.62,18147.65,81.76
01-05-2023,75.62,,
28-04-2023,76.78,18065.00,81.78
27-04-2023,74.79,17915.05,81.65
26-04-2023,74.41,17813.60,81.92
25-04-2023,77.07,17769.25,81.90
24-04-2023,78.59,17743.40,82.05
21-04-2023,77.87,17624.05,82.15
20-04-2023,77.29,17624.45,82.16
19-04-2023,78.88,17618.75,82.12
18-04-2023,80.93,17660.15,82.07
17-04-2023,80.86,17706.85,81.95
14-04-2023,82.52,,
13-04-2023,82.28,17828.00,81.98
12-04-2023,83.13,17812.40,82.07
11-04-2023,81.47,17722.30,82.09
10-04-2023,79.85,17624.05,81.91
07-04-2023,80.70,,
06-04-2023,80.70,17599.15,81.98
05-04-2023,80.51,17557.05,82.19
04-04-2023,81.02,,
03-04-2023,80.41,17398.05,82.39
31-03-2023,75.67,17359.75,82.22
30-03-2023,74.39,,
29-03-2023,72.87,17080.70,82.36
28-03-2023,73.74,16951.70,82.21
27-03-2023,72.81,16985.70,82.36
24-03-2023,69.26,16945.05,82.24
23-03-2023,69.54,17076.90,82.16
22-03-2023,69.97,17151.90,
21-03-2023,69.33,17107.50,82.68
20-03-2023,67.44,16988.40,82.50
17-03-2023,66.74,17100.05,82.47
16-03-2023,68.24,16985.60,82.68
15-03-2023,68.26,16972.15,82.50
14-03-2023,71.90,17043.30,82.36
13-03-2023,74.63,17154.30,81.91
10-03-2023,76.68,17412.90,82.01
09-03-2023,75.72,17589.60,81.92
08-03-2023,76.48,17754.40,82.09
07-03-2023,77.58,,
06-03-2023,80.46,17711.45,81.74
03-03-2023,79.85,17594.35,82.26
02-03-2023,77.88,17321.90,82.56
01-03-2023,77.69,17450.90,82.55
28-02-2023,77.05,17303.95,82.68
27-02-2023,75.68,17392.70,82.91
24-02-2023,76.45,17465.80,82.74
23-02-2023,75.39,17511.25,82.76
22-02-2023,73.95,17554.30,82.84
21-02-2023,76.05,17826.70,82.76
20-02-2023,77.13,17844.60,82.69
17-02-2023,76.33,17944.20,82.81
16-02-2023,78.49,18035.85,82.64
15-02-2023,78.50,18015.85,82.86
14-02-2023,78.84,17929.85,82.72
13-02-2023,79.16,17770.90,82.70
10-02-2023,79.76,17856.50,82.58
09-02-2023,77.66,17893.45,82.61
08-02-2023,78.48,17871.70,82.67
07-02-2023,77.59,17721.50,82.70
06-02-2023,74.46,17764.60,82.45
03-02-2023,73.23,17854.05,82.23
02-02-2023,76.00,17610.40,81.95
01-02-2023,76.70,17616.30,81.85
31-01-2023,78.87,17662.15,81.74
30-01-2023,77.90,17648.95,81.66
27-01-2023,79.38,17604.35,81.54
26-01-2023,81.01,,
25-01-2023,80.15,17891.95,81.63
24-01-2023,80.26,18118.30,81.60
23-01-2023,81.62,18118.55,81.28
20-01-2023,81.40,18027.65,81.22
19-01-2023,80.58,18107.85,81.36
18-01-2023,79.48,18165.35,81.65
17-01-2023,80.18,18053.30,81.77
16-01-2023,78.85,17894.85,81.37
13-01-2023,80.07,17956.60,81.43
12-01-2023,78.39,17858.20,81.72
11-01-2023,77.71,17895.70,81.70
10-01-2023,74.71,17914.15,82.21
09-01-2023,74.63,18101.20,82.37
06-01-2023,73.73,17859.45,82.63
05-01-2023,73.67,17992.15,82.70
04-01-2023,72.84,18042.95,82.91
03-01-2023,77.21,18232.55,82.78
02-01-2023,80.26,18197.45,82.63
30-12-2022,80.51,18105.30,82.79
29-12-2022,78.71,18191.00,82.83
28-12-2022,78.96,18122.50,82.92
27-12-2022,79.87,18132.30,82.79
26-12-2022,79.56,18014.60,82.74
23-12-2022,79.35,17806.80,82.87
22-12-2022,78.24,18127.35,82.67
21-12-2022,78.42,18199.10,82.77
20-12-2022,76.02,18385.30,82.79
19-12-2022,75.67,18420.45,82.64
16-12-2022,74.50,18269.00,82.82
15-12-2022,76.37,18414.90,82.48
14-12-2022,77.28,18660.30,82.52
13-12-2022,75.39,18608.00,82.72
12-12-2022,73.30,18497.15,82.64
09-12-2022,71.59,18496.60,82.21
08-12-2022,71.79,18609.35,82.28
07-12-2022,72.01,18560.50,82.54
06-12-2022,74.45,18642.75,82.28
05-12-2022,76.93,18701.05,81.59
02-12-2022,80.34,18696.10,81.18
01-12-2022,81.41,18812.50,81.15
30-11-2022,80.55,18758.35,81.60
29-11-2022,78.91,18618.05,81.71
28-11-2022,77.24,18562.75,81.75
25-11-2022,76.55,18512.75,81.53
24-11-2022,77.96,18484.10,81.77
23-11-2022,77.94,18267.25,81.82
22-11-2022,80.95,18244.20,81.77
21-11-2022,79.73,18159.95,81.77
18-11-2022,80.08,18307.65,81.70
17-11-2022,81.64,18343.90,81.63
16-11-2022,85.59,18409.65,81.34
15-11-2022,86.82,18403.40,81.43
14-11-2022,85.87,18329.15,81.23
11-11-2022,88.86,18349.70,80.65
10-11-2022,86.47,18028.20,81.74
09-11-2022,85.83,18157.00,81.48
08-11-2022,88.91,,
07-11-2022,91.79,18202.80,82.21
04-11-2022,92.61,18117.15,82.53
03-11-2022,87.96,18052.70,82.88
02-11-2022,88.93,18082.85,82.77
01-11-2022,88.68,18145.40,82.71
31-10-2022,86.18,18012.20,82.39
28-10-2022,87.90,17786.80,82.41
27-10-2022,88.55,17736.95,82.39
26-10-2022,88.20,,
25-10-2022,84.79,17656.35,82.76
24-10-2022,84.92,17730.75,
21-10-2022,85.05,17576.30,82.86
20-10-2022,85.98,17563.95,83.20
19-10-2022,85.98,17512.25,82.37
18-10-2022,83.75,17486.95,82.23
17-10-2022,85.96,17311.80,82.40
14-10-2022,85.61,17185.70,82.39
13-10-2022,89.04,17014.35,82.40
12-10-2022,87.22,17123.60,82.24
11-10-2022,88.64,16983.55,82.39
10-10-2022,90.86,17241.00,82.40
07-10-2022,92.64,17314.65,82.40
06-10-2022,88.87,17331.80,81.70
05-10-2022,88.16,,
04-10-2022,86.47,17274.30,81.43
03-10-2022,83.35,16887.35,81.74
30-09-2022,79.49,17094.35,81.55
29-09-2022,81.69,16818.10,81.86
28-09-2022,81.71,16858.60,81.90
27-09-2022,78.50,17007.40,81.37
26-09-2022,76.72,17016.30,81.58
23-09-2022,78.74,17327.35,80.92
22-09-2022,83.57,17629.80,80.72
21-09-2022,82.81,17718.35,79.92
20-09-2022,84.45,17816.25,79.68
19-09-2022,85.65,17622.25,79.67
16-09-2022,85.11,17530.85,79.82
15-09-2022,84.58,17877.40,79.58
14-09-2022,88.93,18003.75,79.58
13-09-2022,87.61,18070.05,79.06
12-09-2022,88.03,17936.35,79.68
09-09-2022,86.79,17833.35,79.64
08-09-2022,82.96,17798.75,79.67
07-09-2022,81.93,17624.40,79.92
06-09-2022,86.79,17655.60,79.89
05-09-2022,89.03,17665.80,79.89
02-09-2022,86.87,17539.45,79.79
01-09-2022,87.05,17542.80,79.40
31-08-2022,89.20,,
30-08-2022,91.99,17759.30,79.72
29-08-2022,96.79,17312.90,80.09
26-08-2022,93.06,17558.90,79.91
25-08-2022,92.92,17522.45,79.87
24-08-2022,95.24,17604.95,79.79
23-08-2022,93.77,17577.50,79.89
22-08-2022,90.23,17490.70,79.87
19-08-2022,90.77,17758.45,79.75
18-08-2022,90.75,17956.50,79.67
17-08-2022,87.68,17944.25,79.43
16-08-2022,86.87,17825.25,
15-08-2022,92.45,,
12-08-2022,92.45,17698.15,
11-08-2022,93.96,17659.00,79.49
10-08-2022,91.48,17534.75,79.50
09-08-2022,90.49,,
08-08-2022,90.52,17525.10,79.58
05-08-2022,89.01,17397.50,79.12
04-08-2022,87.87,17382.00,79.54
03-08-2022,91.16,17388.15,78.84
02-08-2022,93.90,17345.45,78.61
01-08-2022,93.74,17340.05,79.17
29-07-2022,98.62,17158.25,79.42
28-07-2022,97.40,16929.60,79.74
27-07-2022,98.07,16641.80,79.90
26-07-2022,95.69,16483.85,79.79
25-07-2022,96.16,16631.00,79.85
22-07-2022,94.70,16719.45,79.91
21-07-2022,96.24,16605.25,79.98
20-07-2022,102.26,16520.85,79.97
19-07-2022,104.22,16340.55,79.95
18-07-2022,97.23,16278.50,79.90
15-07-2022,96.50,16049.20,79.88
14-07-2022,95.59,15938.65,79.87
13-07-2022,94.54,15966.65,79.66
12-07-2022,103.06,16058.30,79.64
11-07-2022,104.49,16216.00,79.41
08-07-2022,102.49,16220.60,79.25
07-07-2022,98.24,16132.90,79.02
06-07-2022,101.03,15989.80,79.33
05-07-2022,110.35,15810.85,79.08
04-07-2022,108.19,15835.35,78.99
01-07-2022,105.97,15752.05,79.09
30-06-2022,109.55,15780.25,78.94
29-06-2022,111.84,15799.10,78.94
28-06-2022,110.03,15850.20,78.70
27-06-2022,106.37,15832.05,78.29
24-06-2022,107.62,15699.25,78.33
23-06-2022,104.27,15556.65,78.27
22-06-2022,106.19,15413.30,78.21
21-06-2022,109.75,15638.80,78.09
20-06-2022,108.62,15350.15,78.00
17-06-2022,108.93,15293.50,78.09
16-06-2022,117.12,15360.60,78.09
15-06-2022,115.31,15692.15,78.08
14-06-2022,118.93,15732.10,78.00
13-06-2022,120.93,15774.40,78.14
10-06-2022,120.67,16201.80,77.84
09-06-2022,121.51,16478.10,77.79
08-06-2022,122.11,16356.25,77.73
07-06-2022,119.41,16416.35,77.72
06-06-2022,118.50,16569.55,77.67
03-06-2022,118.87,16584.30,77.60
02-06-2022,116.87,16628.00,77.59
01-06-2022,115.26,16522.75,77.56
31-05-2022,114.67,16584.55,77.66
27-05-2022,115.07,16352.45,77.66
26-05-2022,114.09,16170.15,77.63
25-05-2022,110.33,16025.80,77.51
24-05-2022,109.77,16125.15,77.64
23-05-2022,110.29,16214.70,77.59
20-05-2022,110.87,16266.15,77.58
19-05-2022,110.82,15809.40,77.70
18-05-2022,108.57,16240.30,77.57
17-05-2022,111.85,16259.30,77.65
16-05-2022,114.20,15842.30,
13-05-2022,110.49,15782.15,77.35
12-05-2022,106.13,15808.00,77.59
11-05-2022,105.71,16167.10,77.26
10-05-2022,99.76,16240.05,77.35
09-05-2022,103.09,16301.85,77.37
06-05-2022,109.77,16411.25,76.75
05-05-2022,108.26,16682.65,76.09
04-05-2022,107.81,16677.60,76.48
03-05-2022,102.41,,
02-05-2022,105.17,17069.10,76.43
29-04-2022,104.69,17102.55,76.42
28-04-2022,105.36,17245.05,76.62
27-04-2022,102.02,17038.40,76.64
26-04-2022,101.70,17200.80,76.56
25-04-2022,98.54,16953.95,76.74
22-04-2022,102.07,17171.95,76.33
21-04-2022,103.79,17392.60,76.21
20-04-2022,102.30,17136.55,76.42
19-04-2022,102.25,16958.65,76.28
18-04-2022,107.97,17173.65,76.37
15-04-2022,106.95,,
14-04-2022,106.84,,
13-04-2022,104.25,17475.65,76.22
12-04-2022,100.60,17530.30,76.11
11-04-2022,94.29,17674.95,
08-04-2022,98.26,17784.35,
07-04-2022,96.03,17639.55,
06-04-2022,96.23,17807.65,
05-04-2022,101.96,17957.40,
04-04-2022,103.28,18053.40,
01-04-2022,99.27,17670.45,
31-03-2022,100.28,17464.75,
30-03-2022,107.82,17498.25,
29-03-2022,104.24,17325.30,
28-03-2022,105.96,17222.00,
25-03-2022,113.90,17153.00,
24-03-2022,112.34,17222.75,
23-03-2022,114.93,17245.65,
22-03-2022,109.77,17315.50,
21-03-2022,110.83,17117.60,
18-03-2022,104.06,,
17-03-2022,102.71,17287.05,
16-03-2022,95.04,16975.35,
15-03-2022,96.44,16663.00,
14-03-2022,103.01,16871.30,
11-03-2022,109.33,16630.45,
10-03-2022,106.02,16594.90,
09-03-2022,108.70,16345.35,
08-03-2022,123.70,16013.45,
07-03-2022,119.40,15863.15,
04-03-2022,115.68,16245.35,
03-03-2022,107.67,16498.05,
02-03-2022,110.60,16605.95,
01-03-2022,103.41,,
28-02-2022,95.72,16793.90,
25-02-2022,91.59,16658.40,
24-02-2022,92.81,16247.95,
23-02-2022,92.10,17063.25,
22-02-2022,92.00,17092.20,
21-02-2022,90.55,17206.65,
18-02-2022,90.73,17276.30,
17-02-2022,91.42,17304.60,
16-02-2022,93.66,17322.20,
15-02-2022,92.07,17352.45,
14-02-2022,95.46,16842.80,
11-02-2022,93.10,17374.75,
10-02-2022,89.88,17605.85,
09-02-2022,89.66,17463.80,
08-02-2022,89.36,17266.75,
07-02-2022,91.32,17213.60,
04-02-2022,92.31,17516.30,
03-02-2022,90.27,17560.20,
02-02-2022,88.26,17780.00,
01-02-2022,88.20,17576.85,
31-01-2022,88.15,17339.85,
28-01-2022,86.82,17101.95,
27-01-2022,86.61,17110.15,
26-01-2022,87.35,,
25-01-2022,85.60,17277.95,
24-01-2022,83.31,17149.10,
21-01-2022,85.14,17617.15,
20-01-2022,85.82,17757.00,
19-01-2022,86.26,17938.40,
18-01-2022,85.19,18113.05,
14-01-2022,83.72,18255.75,
13-01-2022,82.12,18257.80,
12-01-2022,82.64,18212.35,
11-01-2022,81.22,18055.75,
10-01-2022,78.23,18003.30,
07-01-2022,78.90,17812.70,
06-01-2022,79.46,17745.90,
05-01-2022,77.85,17925.25,
04-01-2022,76.99,17805.25,
03-01-2022,76.08,17625.70,
31-12-2021,75.21,17354.05,
30-12-2021,76.99,17203.95,
29-12-2021,76.56,17213.60,
28-12-2021,75.98,17233.25,
27-12-2021,75.57,17086.25,
26-12-2021,73.79,,
24-12-2021,73.79,17003.75,
23-12-2021,73.79,17072.60,
22-12-2021,72.76,16955.45,
21-12-2021,71.12,16770.85,
20-12-2021,68.53,16614.20,
17-12-2021,70.78,16985.20,
16-12-2021,72.29,17248.40,
15-12-2021,70.83,17221.40,
14-12-2021,70.73,17324.90,
13-12-2021,71.29,17368.25,
10-12-2021,71.67,17511.30,
09-12-2021,70.94,17516.85,
08-12-2021,72.36,17469.75,
07-12-2021,72.05,17176.70,
06-12-2021,69.49,16912.25,
03-12-2021,66.26,17196.70,
02-12-2021,66.50,17401.65,
01-12-2021,65.57,17166.90,
30-11-2021,66.18,16983.20,
29-11-2021,69.95,17053.95,
26-11-2021,68.15,17026.45,
24-11-2021,78.39,17415.05,
23-11-2021,78.50,17503.35,
22-11-2021,76.75,17416.55,
19-11-2021,75.97,,
18-11-2021,78.65,17764.80,
17-11-2021,78.04,17898.65,
16-11-2021,80.56,17999.20,
15-11-2021,80.88,18109.45,
12-11-2021,80.79,18102.75,
11-11-2021,81.59,17873.60,
10-11-2021,81.34,18017.20,
09-11-2021,84.15,18044.25,
08-11-2021,81.93,18068.55,
05-11-2021,81.27,,
04-11-2021,78.81,17916.80,
03-11-2021,80.86,17829.20,
02-11-2021,83.91,17888.95,
01-11-2021,84.05,17929.65,
29-10-2021,83.57,17671.65,
28-10-2021,82.81,17857.25,
27-10-2021,82.66,18210.95,
26-10-2021,84.65,18268.40,
25-10-2021,83.76,18125.40,
22-10-2021,83.76,18114.90,
21-10-2021,82.50,18178.10,
20-10-2021,83.51,18266.60,
19-10-2021,82.65,18418.75,
18-10-2021,82.14,18477.05,
15-10-2021,82.17,,
14-10-2021,81.31,18338.55,
13-10-2021,80.44,18161.75,
12-10-2021,80.64,17991.95,
11-10-2021,80.52,17945.95,
08-10-2021,79.35,17895.20,
07-10-2021,78.30,17790.35,
06-10-2021,77.43,17646.00,
05-10-2021,78.93,17822.30,
04-10-2021,77.62,17691.25,
01-10-2021,75.88,17532.05,
30-09-2021,75.03,17618.15,
29-09-2021,74.83,17711.30,
28-09-2021,75.29,17748.60,
27-09-2021,75.45,17855.10,
24-09-2021,73.98,17853.20,
23-09-2021,73.30,17822.95,
22-09-2021,72.23,17546.65,
21-09-2021,70.50,17562.00,
20-09-2021,70.20,17396.90,
17-09-2021,71.91,17585.15,
16-09-2021,72.56,17629.50,
15-09-2021,72.61,17519.45,
14-09-2021,70.46,17380.00,
13-09-2021,70.45,17355.30,
10-09-2021,69.72,,
09-09-2021,68.14,17369.25,
08-09-2021,69.30,17353.50,
07-09-2021,68.35,17362.10,
06-09-2021,69.29,17377.80,
03-09-2021,69.29,17323.60,
02-09-2021,69.99,17234.15,
01-09-2021,68.59,17076.25,
31-08-2021,68.50,17132.20,
30-08-2021,69.21,16931.05,
27-08-2021,68.74,16705.20,
26-08-2021,67.42,16636.90,
25-08-2021,68.36,16634.65,
24-08-2021,67.54,16624.60,
23-08-2021,65.64,16496.45,
20-08-2021,62.18,16450.50,
19-08-2021,63.58,,
18-08-2021,65.36,16568.85,
17-08-2021,66.54,16614.60,
16-08-2021,67.29,16563.05,
13-08-2021,68.44,16529.10,
12-08-2021,69.09,16364.40,
11-08-2021,69.25,16282.25,
10-08-2021,68.29,16280.10,
09-08-2021,66.48,16258.25,
06-08-2021,68.28,16238.20,
05-08-2021,69.09,16294.60,
04-08-2021,68.15,16258.80,
03-08-2021,70.56,16130.75,
02-08-2021,71.26,15885.15,
30-07-2021,73.95,15763.05,
29-07-2021,73.62,15778.45,
28-07-2021,72.39,15709.40,
27-07-2021,71.65,15746.45,
26-07-2021,71.91,15824.45,
23-07-2021,72.07,15856.05,
22-07-2021,71.91,15824.05,
21-07-2021,70.30,,
20-07-2021,67.24,15632.10,
19-07-2021,66.38,15752.40,
16-07-2021,71.71,15923.40,
15-07-2021,71.60,15924.20,
14-07-2021,73.13,15853.95,
13-07-2021,75.25,15812.35,
12-07-2021,74.10,15692.60,
09-07-2021,74.56,15689.80,
08-07-2021,72.94,15727.90,
07-07-2021,72.20,15879.65,
06-07-2021,73.37,15818.25,
05-07-2021,75.16,15834.35,
02-07-2021,75.16,15722.20,
01-07-2021,75.23,15680.00,
30-06-2021,73.47,15721.50,
29-06-2021,72.98,15748.45,
28-06-2021,72.91,15814.70,
25-06-2021,74.05,15860.35,
24-06-2021,73.30,15790.45,
23-06-2021,73.08,15686.95,
22-06-2021,72.89,15772.75,
21-06-2021,73.34,15746.50,
18-06-2021,71.50,15683.35,
17-06-2021,70.99,15691.40,
16-06-2021,72.15,15767.55,
15-06-2021,72.12,15869.25,
14-06-2021,70.88,15811.85,
11-06-2021,70.91,15799.35,
10-06-2021,70.29,15737.75,
09-06-2021,69.96,15635.35,
08-06-2021,70.05,15740.10,
07-06-2021,69.23,15751.65,
04-06-2021,69.62,15670.25,
03-06-2021,68.81,15690.35,
02-06-2021,68.83,15576.20,
01-06-2021,67.72,15574.85,
28-05-2021,66.32,15435.65,
27-05-2021,66.85,15337.85,
26-05-2021,66.21,15301.45,
25-05-2021,66.07,15208.45,
24-05-2021,66.05,15197.70,
21-05-2021,63.58,15175.30,
20-05-2021,61.96,14906.05,
19-05-2021,63.35,15030.15,
18-05-2021,65.49,15108.10,
17-05-2021,66.27,14923.15,
14-05-2021,65.37,14677.80,
13-05-2021,63.82,,
12-05-2021,66.08,14696.50,
11-05-2021,65.28,14850.75,
10-05-2021,64.92,14942.35,
07-05-2021,64.90,14823.15,
06-05-2021,64.71,14724.80,
05-05-2021,65.63,14617.85,
04-05-2021,65.69,14496.50,
03-05-2021,64.49,14634.15,
30-04-2021,63.58,14631.10,
29-04-2021,65.01,14894.90,
28-04-2021,63.86,14864.55,
27-04-2021,62.94,14653.05,
26-04-2021,61.91,14485.00,
23-04-2021,62.14,14341.35,
22-04-2021,61.43,14406.15,
21-04-2021,61.35,,
20-04-2021,62.62,14296.40,
19-04-2021,63.41,14359.45,
16-04-2021,63.15,14617.85,
15-04-2021,63.47,14581.45,
14-04-2021,63.15,,
13-04-2021,60.18,14504.80,
12-04-2021,59.70,14310.80,
09-04-2021,59.32,14834.85,
08-04-2021,59.60,14873.80,
07-04-2021,59.77,14819.05,
06-04-2021,59.33,14683.50,
05-04-2021,58.65,14637.80,
01-04-2021,61.45,14867.35,
31-03-2021,59.16,14690.70,
30-03-2021,60.55,14845.10,
29-03-2021,61.56,,
26-03-2021,60.97,14507.30,
25-03-2021,58.56,14324.90,
24-03-2021,61.18,14549.40,
23-03-2021,57.76,14814.75,
22-03-2021,61.56,14736.40,
19-03-2021,61.43,14744.00,
18-03-2021,60.02,14557.85,
17-03-2021,64.61,14721.30,
16-03-2021,64.80,14910.45,
15-03-2021,65.39,14929.50,
12-03-2021,65.61,15030.95,
11-03-2021,66.02,,
10-03-2021,64.44,15174.80,
09-03-2021,64.01,15098.40,
08-03-2021,65.05,14956.20,
05-03-2021,66.09,14938.10,
04-03-2021,63.83,15080.75,
03-03-2021,61.28,15245.60,
02-03-2021,59.75,14919.10,
01-03-2021,60.64,14761.55,
26-02-2021,61.50,14529.15,
25-02-2021,63.53,15097.35,
24-02-2021,63.22,14982.00,
23-02-2021,61.67,14707.80,
22-02-2021,61.66,14675.70,
19-02-2021,59.25,14981.75,
18-02-2021,60.52,15118.95,
17-02-2021,61.14,15208.90,
16-02-2021,60.05,15313.45,
12-02-2021,59.47,15163.30,
11-02-2021,58.24,15173.30,
10-02-2021,58.68,15106.50,
09-02-2021,58.36,15109.30,
08-02-2021,57.97,15115.80,
05-02-2021,56.85,14924.25,
04-02-2021,56.23,14895.65,
03-02-2021,55.69,14789.95,
02-02-2021,54.76,14647.85,
01-02-2021,53.55,14281.20,
29-01-2021,52.20,13634.60,
28-01-2021,52.34,13817.55,
27-01-2021,52.85,13967.50,
26-01-2021,52.61,,
25-01-2021,52.77,14238.90,
22-01-2021,52.27,14371.90,
21-01-2021,53.13,14590.35,
20-01-2021,53.30,14644.70,
19-01-2021,52.98,14521.15,
15-01-2021,52.38,14433.70,
14-01-2021,53.58,14595.60,
13-01-2021,52.91,14564.85,
12-01-2021,53.21,14563.45,
11-01-2021,52.25,14484.75,
08-01-2021,52.24,14347.25,
07-01-2021,50.83,14137.35,
06-01-2021,50.63,14146.25,
05-01-2021,49.93,14199.50,
04-01-2021,47.62,14132.90,
31-12-2020,48.52,13981.75,
30-12-2020,48.40,13981.95,
29-12-2020,48.00,13932.60,
28-12-2020,47.62,13873.20,
24-12-2020,48.23,13749.25,
23-12-2020,48.12,13601.10,
22-12-2020,47.02,13466.30,
21-12-2020,47.92,13328.40,
18-12-2020,49.18,13760.55,
17-12-2020,48.43,13740.70,
16-12-2020,47.86,13682.70,
15-12-2020,47.62,13567.85,
14-12-2020,46.99,13558.15,
11-12-2020,46.57,13513.85,
10-12-2020,46.78,13478.30,
09-12-2020,45.52,13529.10,
08-12-2020,45.60,13392.95,
07-12-2020,45.76,13355.75,
04-12-2020,46.26,13258.55,
03-12-2020,45.64,13133.90,
02-12-2020,45.28,13113.75,
01-12-2020,44.55,13109.05,
30-11-2020,45.34,,
27-11-2020,45.53,12968.95,
25-11-2020,45.71,12858.40,
24-11-2020,44.91,13055.15,
23-11-2020,43.06,12926.45,
20-11-2020,42.37,12859.05,
19-11-2020,41.84,12771.70,
18-11-2020,41.90,12938.25,
17-11-2020,41.47,12874.20,
16-11-2020,41.34,,
13-11-2020,40.13,12719.95,
12-11-2020,41.12,12690.80,
11-11-2020,41.45,12749.15,
10-11-2020,41.36,12631.10,
09-11-2020,40.29,12461.05,
06-11-2020,37.14,12263.55,
05-11-2020,38.79,12120.30,
04-11-2020,39.15,11908.50,
03-11-2020,37.66,11813.50,
02-11-2020,36.81,11669.15,
30-10-2020,35.79,11642.40,
29-10-2020,36.17,11670.80,
28-10-2020,37.39,11729.60,
27-10-2020,39.57,11889.40,
26-10-2020,38.56,11767.75,
23-10-2020,39.85,11930.35,
22-10-2020,40.64,11896.45,
21-10-2020,40.03,11937.65,
20-10-2020,41.65,11896.80,
19-10-2020,40.97,11873.05,
16-10-2020,40.98,11762.45,
15-10-2020,41.02,11680.35,
14-10-2020,41.04,11971.05,
13-10-2020,40.20,11934.50,
12-10-2020,39.43,11930.95,
09-10-2020,40.60,11914.20,
08-10-2020,41.19,11834.60,
07-10-2020,39.95,11738.85,
06-10-2020,40.67,11662.40,
05-10-2020,39.22,11503.35,
02-10-2020,37.05,,
01-10-2020,38.72,11416.95,
30-09-2020,40.22,11247.55,
29-09-2020,39.29,11222.40,
28-09-2020,40.60,11227.55,
25-09-2020,40.25,11050.25,
24-09-2020,40.31,10805.55,
23-09-2020,39.93,11131.85,
22-09-2020,39.76,11153.65,
21-09-2020,39.45,11250.55,
18-09-2020,41.19,11504.95,
17-09-2020,41.02,11516.10,
16-09-2020,40.16,11604.55,
15-09-2020,38.28,11521.80,
14-09-2020,37.26,11440.05,
11-09-2020,37.33,11464.45,
10-09-2020,37.30,11449.25,
09-09-2020,38.05,11278.00,
08-09-2020,36.76,11317.35,
04-09-2020,39.77,11333.85,
03-09-2020,41.37,11527.45,
02-09-2020,41.51,11535.00,
01-09-2020,42.76,11470.25,
31-08-2020,42.61,11387.50,
28-08-2020,42.97,11647.60,
27-08-2020,43.04,11559.25,
26-08-2020,43.39,11549.60,
25-08-2020,43.35,11472.25,
24-08-2020,42.62,11466.45,
21-08-2020,42.34,11371.60,
20-08-2020,42.77,11312.20,
19-08-2020,43.04,11408.40,
18-08-2020,42.98,11385.35,
17-08-2020,42.95,11247.10,
14-08-2020,42.01,11178.40,
13-08-2020,42.24,11300.45,
12-08-2020,42.67,11308.40,
11-08-2020,41.61,11322.50,
10-08-2020,41.94,11270.15,
07-08-2020,41.22,11214.05,
06-08-2020,41.95,11200.15,
05-08-2020,42.19,11101.65,
04-08-2020,41.70,11095.25,
03-08-2020,41.01,10891.60,
31-07-2020,40.27,11073.45,
30-07-2020,39.92,11102.15,
29-07-2020,41.27,11202.85,
28-07-2020,41.04,11300.55,
27-07-2020,41.60,11131.80,
24-07-2020,41.29,11194.15,
23-07-2020,41.07,11215.45,
22-07-2020,41.90,11132.60,
21-07-2020,41.93,11162.25,
20-07-2020,40.88,11022.20,
17-07-2020,40.65,10901.70,
16-07-2020,40.79,10739.95,
15-07-2020,41.20,10618.20,
14-07-2020,40.29,10607.35,
13-07-2020,40.10,10802.70,
10-07-2020,40.55,10768.05,
09-07-2020,39.62,10813.45,
08-07-2020,40.90,10705.75,
07-07-2020,40.62,10799.65,
06-07-2020,40.63,10763.65,
02-07-2020,40.65,10551.70,
01-07-2020,39.82,10430.05,
30-06-2020,39.27,10302.10,
29-06-2020,39.70,10312.40,
26-06-2020,38.49,10383.00,
25-06-2020,38.72,10288.90,
24-06-2020,38.01,10305.30,
23-06-2020,40.37,10471.00,
22-06-2020,40.68,10311.20,
19-06-2020,39.80,10244.40,
18-06-2020,38.92,10091.65,
17-06-2020,38.01,9881.15,
16-06-2020,38.38,9914.00,
15-06-2020,37.12,9813.70,
12-06-2020,36.26,9972.90,
11-06-2020,36.34,9902.00,
10-06-2020,39.60,10116.15,
09-06-2020,38.94,10046.65,
08-06-2020,38.19,10167.45,
05-06-2020,39.55,10142.15,
04-06-2020,37.41,10029.10,
03-06-2020,37.29,10061.55,
02-06-2020,36.81,9979.10,
01-06-2020,35.44,9826.15,
29-05-2020,35.49,9580.30,
28-05-2020,33.71,9490.10,
27-05-2020,32.81,9314.95,
26-05-2020,34.35,9029.05,
22-05-2020,33.25,9039.25,
21-05-2020,33.92,9106.25,
20-05-2020,33.49,9066.55,
19-05-2020,32.07,8879.10,
18-05-2020,31.72,8823.25,
15-05-2020,29.47,9136.85,
14-05-2020,27.62,9142.75,
13-05-2020,25.29,9383.55,
12-05-2020,25.78,9196.55,
11-05-2020,24.14,9239.20,
08-05-2020,24.74,9251.50,
07-05-2020,23.55,9199.05,
06-05-2020,23.99,9270.90,
05-05-2020,24.56,9205.60,
04-05-2020,20.39,9293.50,
01-05-2020,19.78,,
30-04-2020,18.84,9859.90,
29-04-2020,15.06,9553.35,
28-04-2020,12.34,9380.90,
27-04-2020,12.78,9282.30,
24-04-2020,16.94,9154.40,
23-04-2020,16.50,9313.90,
22-04-2020,13.78,9187.30,
21-04-2020,11.26,8981.45,
17-04-2020,20.97,9266.75,
16-04-2020,21.00,8992.80,
15-04-2020,19.87,8925.30,
14-04-2020,20.11,,
13-04-2020,22.41,8993.85,
09-04-2020,22.76,9111.90,
08-04-2020,25.09,8748.75,
07-04-2020,23.63,8792.20,
06-04-2020,26.08,,
03-04-2020,28.34,8083.80,
02-04-2020,25.32,,
01-04-2020,20.31,8253.80,
31-03-2020,20.48,8597.75,
30-03-2020,20.09,8281.10,
27-03-2020,21.51,8660.25,
26-03-2020,22.60,8641.45,
25-03-2020,24.49,8317.85,
24-03-2020,24.01,7801.05,
23-03-2020,23.36,7610.25,
20-03-2020,22.59,8745.45,
19-03-2020,25.63,8263.45,
18-03-2020,20.55,8468.80,
17-03-2020,27.03,8967.05,
16-03-2020,28.70,9197.40,
13-03-2020,31.73,9955.20,
12-03-2020,31.50,9590.15,
11-03-2020,32.98,10458.40,
10-03-2020,34.36,,
09-03-2020,31.13,10451.45,
06-03-2020,41.28,10989.45,
05-03-2020,45.90,11269.00,
04-03-2020,46.78,11251.00,
03-03-2020,47.18,11303.30,
02-03-2020,46.75,11132.75,
28-02-2020,44.76,11201.75,
27-02-2020,47.09,11633.30,
26-02-2020,48.73,11678.50,
25-02-2020,49.90,11797.90,
24-02-2020,51.43,11829.40,
21-02-2020,53.38,,
20-02-2020,53.86,12080.85,
19-02-2020,53.41,12125.90,
18-02-2020,52.15,11992.50,
14-02-2020,52.10,12113.45,
13-02-2020,51.42,12174.65,
12-02-2020,51.17,12201.20,
11-02-2020,49.94,12107.90,
10-02-2020,49.57,12031.50,
07-02-2020,50.32,12098.35,
06-02-2020,50.95,12137.95,
05-02-2020,50.75,12089.15,
04-02-2020,49.61,11979.65,
03-02-2020,50.11,11707.90,
31-01-2020,51.56,11962.10,
30-01-2020,52.14,12035.80,
29-01-2020,53.33,12129.50,
28-01-2020,53.48,12055.80,
27-01-2020,53.14,12119.00,
24-01-2020,54.19,12248.25,
23-01-2020,55.59,12180.35,
22-01-2020,56.74,12106.90,
21-01-2020,58.37,12169.85,
17-01-2020,58.56,12352.35,
16-01-2020,58.52,12355.50,
15-01-2020,57.82,12343.30,
14-01-2020,58.23,12362.30,
13-01-2020,58.08,12329.55,
10-01-2020,59.04,12256.80,
09-01-2020,59.56,12215.90,
08-01-2020,59.61,12025.35,
07-01-2020,62.70,12052.95,
06-01-2020,63.27,11993.05,
03-01-2020,63.05,12226.65,
02-01-2020,61.18,12282.20,
31-12-2019,61.06,12168.45,
30-12-2019,61.68,12255.85,
27-12-2019,61.72,12245.80,
26-12-2019,61.68,12126.55,
24-12-2019,61.11,12214.55,
23-12-2019,60.52,12262.75,
20-12-2019,60.44,12271.80,
19-12-2019,61.19,12259.70,
18-12-2019,60.88,12221.65,
17-12-2019,60.91,12165.00,
16-12-2019,60.20,12053.95,
13-12-2019,60.07,12086.70,
12-12-2019,59.18,11971.80,
11-12-2019,58.76,11910.15,
10-12-2019,59.24,11856.80,
09-12-2019,59.02,11937.50,
06-12-2019,59.20,11921.50,
05-12-2019,58.43,12018.40,
04-12-2019,58.43,12043.20,
03-12-2019,56.10,11994.20,
02-12-2019,55.96,12048.20,
29-11-2019,55.17,12056.05,
27-11-2019,58.11,12100.70,
26-11-2019,58.41,12037.70,
25-11-2019,58.01,12073.75,
22-11-2019,57.77,11914.40,
21-11-2019,58.58,11968.40,
20-11-2019,57.03,11999.10,
19-11-2019,55.29,11940.10,
18-11-2019,57.09,11884.50,
15-11-2019,57.74,11895.45,
14-11-2019,56.77,11872.10,
13-11-2019,57.12,11840.45,
12-11-2019,56.80,,
11-11-2019,56.86,11913.45,
08-11-2019,57.24,11908.15,
07-11-2019,57.15,12012.05,
06-11-2019,56.35,11966.05,
05-11-2019,57.23,11917.20,
04-11-2019,56.54,11941.30,
01-11-2019,56.20,11890.60,
31-10-2019,54.18,11877.45,
30-10-2019,55.06,11844.10,
29-10-2019,55.54,11786.85,
28-10-2019,55.81,,
25-10-2019,56.66,11583.90,
24-10-2019,56.23,11582.60,
23-10-2019,55.97,11604.10,
22-10-2019,54.42,11588.35,
21-10-2019,53.43,,
18-10-2019,53.82,11661.85,
17-10-2019,53.95,11586.35,
16-10-2019,53.36,11464.00,
15-10-2019,52.81,11428.30,
14-10-2019,53.59,11341.15,
11-10-2019,54.70,11305.05,
10-10-2019,53.55,11234.55,
09-10-2019,52.59,11313.30,
08-10-2019,52.63,,
07-10-2019,52.75,11126.40,
04-10-2019,52.81,11174.75,
03-10-2019,52.45,11314.00,
02-10-2019,52.64,,
01-10-2019,53.62,11359.90,
30-09-2019,54.07,11474.45,
27-09-2019,55.91,11512.40,
26-09-2019,56.41,11571.20,
25-09-2019,56.49,11440.20,
24-09-2019,57.29,11588.20,
23-09-2019,58.64,11600.20,
20-09-2019,58.09,11274.20,
19-09-2019,58.17,10704.80,
18-09-2019,58.08,10840.65,
17-09-2019,59.29,10817.60,
16-09-2019,62.90,11003.50,
13-09-2019,54.85,11075.90,
12-09-2019,55.09,10982.80,
11-09-2019,55.75,11035.70,
10-09-2019,57.40,,
09-09-2019,57.85,11003.05,
06-09-2019,56.52,10946.20,
05-09-2019,56.30,10847.90,
04-09-2019,56.26,10844.65,
03-09-2019,53.94,10797.90,
30-08-2019,55.10,11023.25,
29-08-2019,56.71,10948.30,
28-08-2019,55.78,11046.10,
27-08-2019,54.93,11105.35,
26-08-2019,53.64,11057.85,
23-08-2019,54.17,10829.35,
22-08-2019,55.35,10741.35,
21-08-2019,55.68,10918.70,
20-08-2019,56.17,11017.00,
19-08-2019,56.17,11053.90,
16-08-2019,54.85,11047.80,
15-08-2019,54.46,,
14-08-2019,55.23,11029.40,
13-08-2019,57.10,10925.85,
12-08-2019,54.93,,
09-08-2019,54.50,11109.65,
08-08-2019,52.54,11032.45,
07-08-2019,51.09,10855.50,
06-08-2019,53.63,10948.25,
05-08-2019,54.69,10862.60,
02-08-2019,55.66,10997.35,
01-08-2019,53.95,10980.00,
31-07-2019,58.58,11118.00,
30-07-2019,58.05,11085.40,
29-07-2019,56.87,11189.20,
26-07-2019,56.20,11284.30,
25-07-2019,56.02,11252.15,
24-07-2019,55.88,11271.30,
23-07-2019,56.77,11331.05,
22-07-2019,56.22,11346.20,
19-07-2019,55.71,11419.25,
18-07-2019,55.35,11596.90,
17-07-2019,56.81,11687.50,
16-07-2019,57.62,11662.60,
15-07-2019,59.58,11588.35,
12-07-2019,60.21,11552.50,
11-07-2019,60.20,11582.90,
10-07-2019,60.43,11498.90,
09-07-2019,57.83,11555.90,
08-07-2019,57.66,11558.60,
05-07-2019,57.51,11811.15,
03-07-2019,57.34,11916.75,
02-07-2019,56.25,11910.30,
01-07-2019,59.09,11865.60,
28-06-2019,58.47,11788.85,
27-06-2019,59.43,11841.55,
26-06-2019,59.38,11847.55,
25-06-2019,57.83,11796.45,
24-06-2019,57.90,11699.65,
21-06-2019,57.43,11724.10,
20-06-2019,56.99,11831.75,
19-06-2019,53.89,11691.45,
18-06-2019,53.98,11691.50,
17-06-2019,51.98,11672.15,
14-06-2019,52.51,11823.30,
13-06-2019,52.28,11914.05,
12-06-2019,51.14,11906.20,
11-06-2019,53.27,11965.60,
10-06-2019,53.26,11922.70,
07-06-2019,53.99,11870.65,
06-06-2019,52.59,11843.75,
05-06-2019,51.68,,
04-06-2019,53.48,12021.65,
03-06-2019,53.25,12088.55,
31-05-2019,53.50,11922.80,
30-05-2019,56.59,11945.90,
29-05-2019,58.81,11861.10,
28-05-2019,59.14,11928.75,
24-05-2019,58.63,11844.10,
23-05-2019,57.91,11657.05,
22-05-2019,61.42,11737.90,
21-05-2019,63.10,11709.10,
20-05-2019,63.17,11828.25,
17-05-2019,62.82,11407.15,
16-05-2019,62.91,11257.10,
15-05-2019,62.02,11157.00,
14-05-2019,61.78,11222.05,
13-05-2019,61.04,11148.20,
10-05-2019,61.66,11278.90,
09-05-2019,61.70,11301.80,
08-05-2019,62.12,11359.45,
07-05-2019,61.40,11497.90,
06-05-2019,62.25,11598.25,
03-05-2019,61.94,11712.25,
02-05-2019,61.81,11724.75,
01-05-2019,63.60,,
30-04-2019,63.91,11748.15,
29-04-2019,63.50,,
26-04-2019,63.30,11754.65,
25-04-2019,65.21,11641.80,
24-04-2019,65.89,11726.15,
23-04-2019,66.30,11575.95,
22-04-2019,65.58,11594.45,
18-04-2019,64.04,11752.80,
17-04-2019,63.80,,
16-04-2019,64.08,11787.15,
15-04-2019,63.40,11690.35,
12-04-2019,63.89,11643.45,
11-04-2019,63.58,11596.70,
10-04-2019,64.61,11584.30,
09-04-2019,63.98,11671.95,
08-04-2019,64.40,11604.50,
05-04-2019,63.08,11665.95,
04-04-2019,62.10,11598.00,
03-04-2019,62.46,11643.95,
02-04-2019,62.58,11713.20,
01-04-2019,61.59,11669.15,
29-03-2019,60.14,11623.90,
28-03-2019,59.30,11570.00,
27-03-2019,59.41,11445.05,
26-03-2019,59.94,11483.25,
25-03-2019,58.82,11354.25,
22-03-2019,59.04,11456.90,
21-03-2019,59.98,,
20-03-2019,60.15,11521.05,
19-03-2019,59.19,11532.40,
18-03-2019,59.21,11462.20,
15-03-2019,58.58,11426.85,
14-03-2019,58.61,11343.25,
13-03-2019,58.26,11341.70,
12-03-2019,56.87,11301.20,
11-03-2019,56.79,11168.05,
08-03-2019,56.07,11035.40,
07-03-2019,56.66,11058.20,
06-03-2019,56.22,11053.00,
05-03-2019,56.56,10987.45,
04-03-2019,56.59,,
01-03-2019,55.80,10863.50,
28-02-2019,57.22,10792.50,
27-02-2019,56.94,10806.65,
26-02-2019,55.50,10835.30,
25-02-2019,55.48,10880.10,
22-02-2019,57.26,10791.65,
21-02-2019,56.96,10789.85,
20-02-2019,57.11,10735.45,
19-02-2019,56.31,10604.35,
15-02-2019,55.75,10724.40,
14-02-2019,54.49,10746.05,
13-02-2019,53.90,10793.65,
12-02-2019,53.10,10831.40,
11-02-2019,52.41,10888.80,
08-02-2019,52.72,10943.60,
07-02-2019,52.64,11069.40,
06-02-2019,54.01,11062.45,
05-02-2019,53.66,10934.35,
04-02-2019,54.56,10912.25,
01-02-2019,55.26,10893.65,
31-01-2019,53.79,10830.95,
30-01-2019,54.23,10651.80,
29-01-2019,53.31,10652.20,
28-01-2019,51.99,10661.55,
25-01-2019,53.69,10780.55,
24-01-2019,53.13,10849.80,
23-01-2019,52.62,10831.50,
22-01-2019,52.92,10922.75,
18-01-2019,53.94,10906.95,
17-01-2019,52.19,10905.20,
16-01-2019,52.37,10890.30,
15-01-2019,52.11,10886.80,
14-01-2019,50.51,10737.60,
11-01-2019,51.59,10794.95,
10-01-2019,52.59,10821.60,
09-01-2019,52.36,10855.15,
08-01-2019,49.78,10802.15,
07-01-2019,48.52,10771.80,
04-01-2019,47.96,10727.35,
03-01-2019,47.09,10672.25,
02-01-2019,46.54,10792.50,
31-12-2018,45.41,10862.55,
28-12-2018,45.33,10859.90,
27-12-2018,44.61,10779.80,
26-12-2018,46.22,10729.85,
24-12-2018,42.53,10663.50,
21-12-2018,45.59,10754.00,
20-12-2018,45.88,10951.70,
19-12-2018,47.98,10967.30,
18-12-2018,46.46,10908.70,
17-12-2018,50.01,10888.35,
14-12-2018,51.25,10805.45,
13-12-2018,52.58,10791.55,
12-12-2018,51.15,10737.60,
11-12-2018,51.65,10549.15,
10-12-2018,51.00,10488.45,
07-12-2018,52.61,10693.70,
06-12-2018,51.49,10601.15,
05-12-2018,52.89,10782.90,
04-12-2018,53.25,10869.50,
03-12-2018,52.95,10883.75,
30-11-2018,50.93,10876.75,
29-11-2018,51.45,10858.70,
28-11-2018,50.29,10728.85,
27-11-2018,51.56,10685.60,
26-11-2018,51.63,10628.60,
23-11-2018,50.42,,
21-11-2018,54.63,10600.05,
20-11-2018,53.43,10656.20,
19-11-2018,57.11,10763.40,
16-11-2018,56.59,10682.20,
15-11-2018,56.55,10616.70,
14-11-2018,56.29,10576.30,
13-11-2018,55.69,10582.50,
12-11-2018,59.93,10482.20,
09-11-2018,60.19,10585.20,
08-11-2018,60.67,,
07-11-2018,61.67,10598.40,
06-11-2018,62.21,10530.00,
05-11-2018,63.10,10524.00,
02-11-2018,63.14,10553.00,
01-11-2018,63.69,10380.45,
31-10-2018,65.31,10386.60,
30-10-2018,66.18,10198.40,
29-10-2018,67.04,10250.85,
26-10-2018,67.59,10030.00,
25-10-2018,67.33,10124.90,
24-10-2018,66.82,10224.75,
23-10-2018,66.43,10146.80,
22-10-2018,69.32,10245.25,
19-10-2018,69.22,10303.55,
18-10-2018,68.67,,
17-10-2018,69.74,10453.05,
16-10-2018,71.92,10584.75,
15-10-2018,71.78,10512.50,
12-10-2018,71.34,10472.50,
11-10-2018,70.97,10234.65,
10-10-2018,73.17,10460.10,
09-10-2018,74.96,10301.05,
08-10-2018,74.29,10348.05,
05-10-2018,74.34,10316.45,
04-10-2018,74.33,10599.25,
03-10-2018,76.41,10858.25,
02-10-2018,75.23,,
01-10-2018,75.30,11008.30,
28-09-2018,73.25,10930.45,
27-09-2018,72.12,10977.55,
26-09-2018,71.57,11053.80,
25-09-2018,72.28,11067.45,
24-09-2018,72.08,10967.40,
21-09-2018,70.78,11143.10,
20-09-2018,70.42,,
19-09-2018,70.91,11234.35,
18-09-2018,69.75,11278.90,
17-09-2018,68.86,11377.75,
14-09-2018,68.99,11515.20,
13-09-2018,68.59,,
12-09-2018,70.37,11369.90,
11-09-2018,69.25,11287.50,
10-09-2018,67.54,11438.10,
07-09-2018,67.75,11589.10,
06-09-2018,67.77,11536.90,
05-09-2018,68.72,11476.95,
04-09-2018,69.87,11520.30,
31-08-2018,69.80,11680.50,
30-08-2018,70.25,11676.80,
29-08-2018,69.51,11691.90,
28-08-2018,68.53,11738.50,
27-08-2018,68.87,11691.95,
24-08-2018,68.72,11557.10,
23-08-2018,67.83,11582.75,
22-08-2018,67.86,,
21-08-2018,66.14,11570.90,
20-08-2018,65.82,11551.75,
17-08-2018,65.63,11470.75,
16-08-2018,65.34,11385.05,
15-08-2018,65.01,,
14-08-2018,67.04,11435.10,
13-08-2018,67.20,11355.75,
10-08-2018,67.63,11429.50,
09-08-2018,66.81,11470.70,
08-08-2018,66.94,11450.00,
07-08-2018,69.17,11389.45,
06-08-2018,69.01,11387.10,
03-08-2018,68.49,11360.80,
02-08-2018,68.96,11244.70,
01-08-2018,67.66,11346.20,
31-07-2018,68.76,11356.50,
30-07-2018,70.13,11319.55,
27-07-2018,68.69,11278.35,
26-07-2018,69.61,11167.30,
25-07-2018,69.30,11132.00,
24-07-2018,68.52,11134.30,69.05
23-07-2018,67.89,11084.75,
20-07-2018,68.70,11010.20,
19-07-2018,68.73,10957.10,
18-07-2018,68.36,10980.45,
17-07-2018,67.90,11008.05,
16-07-2018,68.06,10936.85,
13-07-2018,71.01,11018.90,
12-07-2018,70.33,11023.20,
11-07-2018,70.38,10948.30,
10-07-2018,74.11,10947.25,
09-07-2018,73.85,10852.90,68.66
06-07-2018,73.80,10772.65,68.88
05-07-2018,72.94,10749.75,68.75
03-07-2018,74.14,10699.90,68.69
02-07-2018,73.94,10657.30,68.62
29-06-2018,74.15,10714.30,68.58
28-06-2018,73.45,10589.10,68.94
27-06-2018,72.76,10671.40,68.52
26-06-2018,70.53,10769.15,68.17
25-06-2018,68.08,10762.45,68.15
22-06-2018,68.58,10821.85,67.77
21-06-2018,65.54,10741.10,68.20
20-06-2018,65.81,10772.05,68.08
19-06-2018,64.97,10710.45,68.15
18-06-2018,65.79,10799.85,68.02
15-06-2018,65.02,10817.70,67.97
14-06-2018,66.89,10808.05,67.69
13-06-2018,66.64,10856.70,67.63
12-06-2018,66.36,10842.85,67.46
11-06-2018,66.10,10786.95,67.34
08-06-2018,65.74,10767.65,67.52
07-06-2018,65.95,10768.35,67.02
06-06-2018,64.73,10684.65,67.04
05-06-2018,65.52,10593.15,67.18
04-06-2018,64.75,10628.50,67.05
01-06-2018,65.81,10696.20,67.18
31-05-2018,67.04,10736.15,67.45
30-05-2018,68.21,10614.35,67.63
29-05-2018,66.73,10633.30,67.82
25-05-2018,67.88,10605.15,68.26
24-05-2018,70.71,10513.85,68.39
23-05-2018,71.84,10430.35,68.21
22-05-2018,72.19,10536.70,68.02
21-05-2018,72.31,10516.70,68.09
18-05-2018,71.32,10596.40,67.96
17-05-2018,71.51,10682.70,67.72
16-05-2018,71.49,10741.10,67.83
15-05-2018,71.31,10801.85,67.53
14-05-2018,70.96,10806.60,67.32
11-05-2018,70.70,10806.50,67.22
10-05-2018,71.36,10716.55,67.38
09-05-2018,71.14,10741.70,67.38
08-05-2018,69.06,10717.80,67.08
07-05-2018,70.73,10715.50,67.11
04-05-2018,69.72,10618.25,66.77
03-05-2018,68.43,10679.65,66.61
02-05-2018,67.93,10718.05,66.66
01-05-2018,67.25,,
30-04-2018,68.57,10739.35,
27-04-2018,68.10,10692.30,66.78
26-04-2018,68.19,10617.80,66.83
25-04-2018,68.05,10570.55,66.70
24-04-2018,67.70,10614.35,66.36
23-04-2018,68.64,10584.70,66.22
20-04-2018,68.40,10564.05,66.02
19-04-2018,68.31,10565.30,65.78
18-04-2018,68.47,10526.20,65.68
17-04-2018,66.52,10548.70,65.61
16-04-2018,66.22,10528.35,65.45
13-04-2018,67.39,10480.60,65.22
12-04-2018,67.07,10458.65,65.35
11-04-2018,66.82,10417.15,65.13
10-04-2018,65.51,10402.25,64.94
09-04-2018,63.42,10379.35,64.93
06-04-2018,62.06,10331.60,64.99
05-04-2018,63.54,10325.15,65.06
04-04-2018,63.37,10128.40,65.02
03-04-2018,63.51,10245.00,65.02
02-04-2018,63.01,10211.80,
29-03-2018,64.94,,
28-03-2018,64.38,10113.70,65.04
27-03-2018,65.25,10184.15,64.80
26-03-2018,65.55,10130.65,64.91
23-03-2018,65.88,9998.05,65.13
22-03-2018,64.30,10114.75,65.06
21-03-2018,65.17,10155.25,65.22
20-03-2018,63.51,10124.35,65.20
19-03-2018,62.10,10094.25,65.04
16-03-2018,62.37,10195.15,64.87
15-03-2018,61.20,10360.15,64.94
14-03-2018,60.96,10410.90,64.99
13-03-2018,60.71,10426.85,64.96
12-03-2018,61.36,10421.40,65.02
09-03-2018,62.04,10226.85,65.08
08-03-2018,60.12,10242.65,64.92
07-03-2018,61.15,10154.20,64.96
06-03-2018,62.60,10249.25,64.99
05-03-2018,62.57,10358.85,65.05
02-03-2018,61.25,,
01-03-2018,60.99,10458.35,65.23
28-02-2018,61.64,10492.85,65.10
27-02-2018,63.01,10554.30,64.85
26-02-2018,63.91,10582.60,64.66
23-02-2018,63.55,10491.05,64.82
22-02-2018,62.77,10382.70,65.05
21-02-2018,61.68,10397.45,64.82
20-02-2018,61.81,10360.40,64.53
16-02-2018,61.60,10452.30,63.91
15-02-2018,61.27,10545.50,63.92
14-02-2018,60.58,10500.90,64.13
13-02-2018,59.19,,
12-02-2018,59.29,10539.75,64.28
09-02-2018,59.20,10454.95,64.37
08-02-2018,61.15,10576.85,64.16
07-02-2018,61.79,10476.70,64.14
06-02-2018,63.39,10498.25,64.27
05-02-2018,64.15,10666.55,64.03
02-02-2018,65.45,10760.60,64.08
01-02-2018,65.80,11016.90,63.61
31-01-2018,64.73,11027.70,63.69
30-01-2018,64.50,11049.65,63.75
29-01-2018,65.56,11130.40,63.55
26-01-2018,66.14,,
25-01-2018,65.51,11069.65,63.50
24-01-2018,65.61,11086.00,63.64
23-01-2018,64.47,11083.70,63.77
22-01-2018,63.55,10966.20,63.89
19-01-2018,63.33,10894.70,63.72
18-01-2018,63.93,10817.00,63.84
17-01-2018,63.96,10788.55,63.98
16-01-2018,63.73,10700.45,63.76
12-01-2018,64.30,10681.25,63.53
11-01-2018,63.80,10651.20,63.74
10-01-2018,63.57,10632.20,63.83
09-01-2018,62.96,10637.00,63.47
08-01-2018,61.73,10623.60,63.35
05-01-2018,61.44,10558.85,63.38
04-01-2018,62.01,10504.80,63.39
03-01-2018,61.63,10443.20,63.48
02-01-2018,60.37,10442.20,63.67
29-12-2017,60.42,10530.00,63.93
28-12-2017,59.84,10477.00,64.17
27-12-2017,59.64,10490.00,64.16
26-12-2017,59.97,10531.00,64.05
22-12-2017,58.47,10493.00,64.04
21-12-2017,58.36,10440.00,64.09
20-12-2017,58.09,10444.00,64.06
19-12-2017,57.54,10463.00,64.12
18-12-2017,57.20,10388.00,64.11
15-12-2017,57.31,10333.00,64.10
14-12-2017,57.05,10252.00,64.28
13-12-2017,56.60,10192.00,64.45
12-12-2017,57.14,10240.00,64.48
11-12-2017,57.99,10322.00,64.36
08-12-2017,57.36,10265.00,64.46
07-12-2017,56.69,10166.00,64.54
06-12-2017,55.96,10044.00,64.45
05-12-2017,57.62,10118.00,64.38
04-12-2017,57.47,10127.00,64.38
01-12-2017,58.36,10121.00,
30-11-2017,57.40,10226.00,64.43
29-11-2017,57.30,10361.00,64.41
28-11-2017,57.99,10370.00,64.42
27-11-2017,58.11,10399.00,64.69
24-11-2017,58.95,10389.00,64.73
22-11-2017,58.02,10342.00,64.75
21-11-2017,56.83,10326.00,65.04
20-11-2017,56.35,10298.00,65.06
17-11-2017,56.65,10283.00,64.85
16-11-2017,55.22,10214.00,65.30
15-11-2017,55.37,10118.00,65.37
14-11-2017,55.70,10186.00,65.52
13-11-2017,56.76,10224.00,65.43
10-11-2017,56.74,10321.00,65.01
09-11-2017,57.17,10308.00,64.90
08-11-2017,56.81,10303.00,65.06
07-11-2017,57.20,10350.00,64.81
06-11-2017,57.35,10451.00,64.73
03-11-2017,55.64,10452.00,64.58
02-11-2017,54.54,10423.00,64.59
01-11-2017,54.30,10440.00,64.53
31-10-2017,54.38,10335.00,64.77
30-10-2017,54.15,10363.00,64.93
27-10-2017,53.90,10323.00,65.09
26-10-2017,52.64,10343.00,64.79
25-10-2017,52.18,10295.00,65.14
24-10-2017,52.47,10207.00,64.93
23-10-2017,51.90,10184.00,65.02
20-10-2017,51.77,,
19-10-2017,51.42,10146.00,
18-10-2017,52.13,10210.00,65.06
17-10-2017,51.93,10234.00,64.92
16-10-2017,51.87,10230.00,64.76
13-10-2017,51.45,10167.00,64.93
12-10-2017,50.60,10096.00,65.10
11-10-2017,51.30,9984.80,65.27
10-10-2017,50.92,10016.00,65.27
09-10-2017,49.58,9988.70,65.31
06-10-2017,49.29,9979.70,65.23
05-10-2017,50.79,9888.70,65.18
04-10-2017,49.98,9914.90,65.29
03-10-2017,50.42,9859.50,65.55
02-10-2017,50.58,,
29-09-2017,51.67,9788.60,65.36
28-09-2017,51.56,9768.90,65.76
27-09-2017,52.14,9735.70,65.69
26-09-2017,51.88,9871.50,65.34
25-09-2017,52.22,9872.60,64.84
22-09-2017,50.66,9964.40,64.96
21-09-2017,50.55,10121.00,64.53
20-09-2017,50.63,10141.00,64.36
19-09-2017,49.73,10147.00,64.18
18-09-2017,50.09,10153.00,64.04
15-09-2017,50.00,10085.00,64.08
14-09-2017,49.89,10086.00,64.07
13-09-2017,49.30,10079.00,63.98
12-09-2017,48.23,10093.00,63.95
11-09-2017,48.07,10006.00,63.89
08-09-2017,47.48,9934.80,63.87
07-09-2017,49.09,9929.90,64.03
06-09-2017,49.16,9916.20,64.21
05-09-2017,48.66,9952.20,64.12
01-09-2017,47.29,9974.40,63.98
31-08-2017,47.23,9917.90,64.02
30-08-2017,45.96,9884.40,63.94
29-08-2017,46.44,9796.00,64.02
28-08-2017,46.57,9912.80,63.87
25-08-2017,47.87,,
24-08-2017,47.43,9857.00,64.07
23-08-2017,48.41,9852.50,64.13
22-08-2017,47.79,9765.50,64.11
21-08-2017,47.47,9754.30,64.03
18-08-2017,48.57,9837.40,64.10
17-08-2017,47.12,9904.10,
16-08-2017,46.78,9897.30,64.24
15-08-2017,47.55,,
14-08-2017,47.59,9794.10,64.03
11-08-2017,48.82,9710.80,64.17
10-08-2017,48.59,9820.20,63.94
09-08-2017,49.56,9908.00,63.75
08-08-2017,49.17,9978.50,63.74
07-08-2017,49.39,10057.00,63.74
04-08-2017,49.58,10066.00,63.71
03-08-2017,49.03,10013.00,63.63
02-08-2017,49.59,10081.00,64.07
01-08-2017,49.16,10114.00,64.07
31-07-2017,50.17,10077.00,64.08
28-07-2017,49.71,10014.00,64.15
27-07-2017,49.04,10020.00,64.12
26-07-2017,48.75,10020.00,64.42
25-07-2017,47.89,9964.50,64.36
24-07-2017,46.34,9966.40,64.45
21-07-2017,45.77,9915.20,64.32
20-07-2017,46.89,9873.30,64.43
19-07-2017,47.24,9899.60,64.32
18-07-2017,46.48,9827.10,64.33
17-07-2017,46.06,9915.90,64.37
14-07-2017,46.54,9886.30,64.45
13-07-2017,46.08,9891.70,64.44
12-07-2017,45.49,9816.10,64.50
11-07-2017,45.04,9786.00,64.50
10-07-2017,44.40,9771.00,64.54
07-07-2017,44.23,9665.80,64.73
06-07-2017,45.52,9674.50,64.78
05-07-2017,45.13,9637.60,64.72
03-07-2017,47.07,9615.00,64.75
30-06-2017,46.04,9520.90,64.74
29-06-2017,44.93,9504.10,64.47
28-06-2017,44.74,9491.20,64.53
27-06-2017,44.24,9511.40,64.46
26-06-2017,43.38,,
23-06-2017,43.01,9574.90,64.54
22-06-2017,42.74,9630.00,64.50
21-06-2017,42.53,9633.60,64.60
20-06-2017,43.45,9653.50,64.47
19-06-2017,44.34,9657.50,64.38
16-06-2017,44.83,9588.00,64.59
15-06-2017,44.50,9578.00,64.28
14-06-2017,44.73,9618.10,64.31
13-06-2017,46.46,9606.90,64.45
12-06-2017,46.08,9616.40,64.34
09-06-2017,45.83,9668.20,64.26
08-06-2017,45.64,9647.20,64.36
07-06-2017,45.72,9663.90,64.45
06-06-2017,48.19,9637.10,64.35
05-06-2017,47.40,9675.10,64.35
02-06-2017,47.66,9653.50,64.42
01-06-2017,48.36,9616.10,64.47
31-05-2017,48.32,9621.20,64.55
30-05-2017,49.66,9624.50,64.63
26-05-2017,49.80,9595.10,64.59
25-05-2017,48.90,9509.70,64.51
24-05-2017,51.36,9360.50,64.86
23-05-2017,51.47,9386.10,64.78
22-05-2017,51.05,9438.20,64.56
19-05-2017,50.53,9427.90,64.99
18-05-2017,49.47,9429.40,64.34
17-05-2017,49.14,9525.70,64.02
16-05-2017,48.66,9512.20,64.08
15-05-2017,48.85,9445.40,64.12
12-05-2017,47.84,9400.90,64.30
11-05-2017,47.83,9422.40,64.44
10-05-2017,47.33,9407.30,
09-05-2017,45.88,9316.80,64.51
08-05-2017,46.43,9314.00,64.22
05-05-2017,46.22,9285.30,64.31
04-05-2017,45.52,9359.90,64.21
03-05-2017,47.82,9311.90,64.14
02-05-2017,47.66,9313.80,64.21
01-05-2017,48.84,,
28-04-2017,49.33,9304.00,64.22
27-04-2017,48.97,9342.10,64.11
26-04-2017,49.62,9351.80,64.00
25-04-2017,49.56,9306.60,64.28
24-04-2017,49.23,9217.90,64.48
21-04-2017,49.62,9119.40,64.57
20-04-2017,50.62,9136.40,64.64
19-04-2017,50.69,9103.50,64.54
18-04-2017,52.59,9105.10,64.57
17-04-2017,52.74,9139.30,64.41
13-04-2017,53.18,9150.80,64.32
12-04-2017,53.11,9203.40,64.69
11-04-2017,53.40,9237.00,64.54
10-04-2017,53.08,9181.40,64.44
07-04-2017,52.24,9198.30,64.39
06-04-2017,51.70,9261.90,64.98
05-04-2017,51.15,9265.10,65.04
04-04-2017,51.03,,
03-04-2017,50.24,9237.80,64.91
31-03-2017,50.60,9173.70,64.84
30-03-2017,50.35,9173.70,64.93
29-03-2017,49.51,9143.80,64.96
28-03-2017,48.37,9100.80,
27-03-2017,47.73,9045.20,65.09
24-03-2017,47.97,9108.00,65.46
23-03-2017,47.70,9086.30,65.42
22-03-2017,48.04,9030.40,65.49
21-03-2017,48.06,9121.50,65.31
20-03-2017,48.63,9126.80,65.38
17-03-2017,48.99,9160.00,65.54
16-03-2017,48.85,9153.70,65.38
15-03-2017,48.86,9084.80,65.51
14-03-2017,47.72,9087.00,66.18
13-03-2017,48.40,,
10-03-2017,48.49,8934.50,66.69
09-03-2017,49.28,8927.00,66.77
08-03-2017,50.28,8924.30,66.64
07-03-2017,53.14,8946.90,66.63
06-03-2017,53.20,8963.40,66.76
03-03-2017,53.33,8897.50,66.84
02-03-2017,52.61,8899.70,66.74
01-03-2017,53.83,8945.80,66.85
28-02-2017,54.01,8879.60,66.74
27-02-2017,54.05,8896.70,66.72
24-02-2017,53.99,,
23-02-2017,54.45,8939.50,66.84
22-02-2017,53.59,8926.90,66.96
21-02-2017,54.28,8907.80,
17-02-2017,53.63,8821.70,67.05
16-02-2017,53.52,8778.00,66.95
15-02-2017,53.21,8724.70,66.92
14-02-2017,53.20,8792.30,66.94
13-02-2017,52.93,8805.00,66.97
10-02-2017,53.86,8793.50,66.94
09-02-2017,53.00,8778.40,67.01
08-02-2017,52.34,8769.00,67.31
07-02-2017,52.17,8768.30,67.37
06-02-2017,53.01,8801.00,67.20
03-02-2017,53.83,8740.90,67.38
02-02-2017,53.54,8734.20,67.45
01-02-2017,53.88,8716.40,67.65
31-01-2017,52.81,8561.30,67.81
30-01-2017,52.63,8632.70,68.04
27-01-2017,53.17,8641.20,68.20
26-01-2017,53.78,,
25-01-2017,52.75,8602.70,68.16
24-01-2017,53.18,8475.80,68.16
23-01-2017,52.75,8391.50,68.08
20-01-2017,53.06,8349.30,68.09
19-01-2017,51.82,8435.10,68.18
18-01-2017,51.40,8417.00,67.94
17-01-2017,52.64,8398.00,68.05
13-01-2017,52.37,8400.30,68.23
12-01-2017,53.01,8407.20,68.09
11-01-2017,52.25,8380.60,68.23
10-01-2017,50.82,8288.60,68.06
09-01-2017,51.96,8236.00,68.19
06-01-2017,53.99,8243.80,67.95
05-01-2017,53.76,8273.80,67.79
04-01-2017,53.26,8190.50,68.18
03-01-2017,52.33,8192.20,68.09
30-12-2016,53.72,8185.80,67.95
29-12-2016,53.77,8103.60,68.12
28-12-2016,54.06,8034.80,68.23
27-12-2016,53.90,8032.80,68.00
23-12-2016,53.02,7985.70,67.91
22-12-2016,52.95,7979.10,67.91
21-12-2016,52.49,8061.30,67.87
20-12-2016,53.09,8082.40,67.90
19-12-2016,52.68,8104.30,67.73
16-12-2016,52.32,8139.40,67.78
15-12-2016,51.11,8153.60,67.80
14-12-2016,51.04,8182.40,67.56
13-12-2016,52.98,8221.80,67.49
12-12-2016,52.83,8170.80,
09-12-2016,51.50,8261.70,67.58
08-12-2016,50.84,8246.80,67.43
07-12-2016,49.77,8102.00,67.87
06-12-2016,50.93,8143.10,68.03
05-12-2016,51.79,8128.70,68.17
02-12-2016,51.68,8086.80,68.37
01-12-2016,51.06,8192.90,68.37
30-11-2016,49.44,8224.50,68.53
29-11-2016,45.23,8142.10,68.65
28-11-2016,47.08,8126.90,68.72
25-11-2016,46.06,8114.30,68.46
23-11-2016,47.96,8033.30,68.48
22-11-2016,48.03,8002.30,68.23
21-11-2016,48.09,7929.10,68.26
18-11-2016,46.09,8074.10,68.09
17-11-2016,45.64,8079.90,67.91
16-11-2016,45.68,8111.60,67.78
15-11-2016,45.81,8108.40,67.72
14-11-2016,43.32,,
11-11-2016,43.41,8296.30,67.03
10-11-2016,44.66,8525.70,66.43
09-11-2016,45.27,8432.00,66.80
08-11-2016,44.98,8543.50,66.71
07-11-2016,44.89,8497.00,66.73
04-11-2016,44.07,8433.70,66.72
03-11-2016,44.66,8484.90,66.69
02-11-2016,45.34,8514.00,66.83
01-11-2016,46.67,8626.20,66.71
31-10-2016,46.86,,
28-10-2016,48.70,8638.00,66.86
27-10-2016,49.72,8615.20,66.89
26-10-2016,49.18,8615.20,66.76
25-10-2016,49.96,8691.30,66.88
24-10-2016,50.52,8708.90,66.86
21-10-2016,50.85,8693.00,66.89
20-10-2016,50.59,8699.40,66.74
19-10-2016,51.73,8659.10,66.71
18-10-2016,50.42,8677.90,66.73
17-10-2016,50.03,8520.40,66.78
14-10-2016,50.35,8583.40,66.85
13-10-2016,50.44,8573.30,66.85
12-10-2016,50.18,,
11-10-2016,50.79,,
10-10-2016,51.35,8708.80,66.59
07-10-2016,49.81,8697.60,66.79
06-10-2016,50.44,8709.50,66.63
05-10-2016,49.83,8743.90,66.57
04-10-2016,48.69,8769.10,66.56
03-10-2016,48.81,8738.10,66.53
30-09-2016,48.24,8611.10,66.66
29-09-2016,47.83,8591.20,66.55
28-09-2016,47.05,8745.10,66.45
27-09-2016,44.67,8706.40,66.46
26-09-2016,45.93,8723.00,66.71
23-09-2016,44.48,8831.50,66.65
22-09-2016,46.32,8867.40,66.85
21-09-2016,45.34,8777.10,67.06
20-09-2016,43.93,8775.90,67.02
19-09-2016,43.64,8808.40,66.87
16-09-2016,43.27,8779.80,66.88
15-09-2016,44.03,8742.50,67.02
14-09-2016,43.58,8726.60,66.96
13-09-2016,44.90,,
12-09-2016,46.29,8715.60,66.90
09-09-2016,45.88,8866.70,66.55
08-09-2016,47.62,8952.50,66.45
07-09-2016,45.50,8917.90,66.36
06-09-2016,44.83,8943.00,66.55
02-09-2016,44.44,8809.60,66.84
01-09-2016,43.16,8774.60,66.95
31-08-2016,44.70,8786.20,66.98
30-08-2016,46.35,8744.30,67.09
29-08-2016,46.98,8607.40,67.18
26-08-2016,47.64,8572.50,67.03
25-08-2016,47.33,8592.20,67.09
24-08-2016,46.77,8650.30,67.13
23-08-2016,48.10,8632.60,67.09
22-08-2016,47.34,8629.10,67.19
19-08-2016,48.87,8666.90,66.93
18-08-2016,48.49,8673.20,66.79
17-08-2016,46.94,8624.00,
16-08-2016,46.58,8642.50,66.90
15-08-2016,45.74,,
12-08-2016,44.49,8672.10,66.83
11-08-2016,43.49,8592.10,66.86
10-08-2016,41.71,8575.30,66.74
09-08-2016,42.77,8678.20,66.96
08-08-2016,43.02,8711.30,66.74
05-08-2016,41.80,8683.10,66.81
04-08-2016,41.93,8551.10,66.94
03-08-2016,40.83,8544.80,66.94
02-08-2016,39.51,8622.90,66.76
01-08-2016,40.06,8636.50,66.74
29-07-2016,41.60,8638.50,67.03
28-07-2016,41.14,8666.30,67.06
27-07-2016,41.92,8615.80,67.24
26-07-2016,42.92,8590.60,67.37
25-07-2016,43.13,8635.60,67.24
22-07-2016,44.19,8541.20,67.14
21-07-2016,44.75,8510.10,67.20
20-07-2016,45.59,8565.80,67.17
19-07-2016,45.13,8528.50,67.15
18-07-2016,45.52,8508.70,67.10
15-07-2016,46.09,8541.40,67.07
14-07-2016,45.68,8565.00,66.91
13-07-2016,44.75,8519.50,67.20
12-07-2016,46.80,8521.00,67.15
11-07-2016,44.76,8467.90,67.14
08-07-2016,45.41,8323.20,67.46
07-07-2016,45.14,8337.90,67.50
06-07-2016,47.43,,
05-07-2016,46.60,8335.90,67.40
01-07-2016,48.99,8328.30,67.44
30-06-2016,48.33,8287.70,67.62
29-06-2016,49.88,8204.00,67.74
28-06-2016,47.85,8127.80,67.89
27-06-2016,46.33,8094.70,67.90
24-06-2016,47.64,8088.60,68.01
23-06-2016,50.11,8270.40,67.37
22-06-2016,49.13,8203.70,67.56
21-06-2016,49.65,8219.90,67.48
20-06-2016,49.72,8238.50,67.41
17-06-2016,48.21,8170.20,67.17
16-06-2016,46.32,8140.70,67.21
15-06-2016,48.01,8206.60,67.16
14-06-2016,48.49,8108.80,67.15
13-06-2016,48.88,8110.60,67.07
10-06-2016,49.07,8170.00,66.79
09-06-2016,50.56,8203.60,66.63
08-06-2016,51.23,8273.00,66.74
07-06-2016,50.36,8266.40,66.83
06-06-2016,49.69,8201.00,66.96
03-06-2016,48.62,8220.80,67.24
02-06-2016,49.17,8218.90,67.25
01-06-2016,49.01,8179.90,67.35
31-05-2016,49.10,8160.10,67.20
27-05-2016,49.33,8156.60,67.06
26-05-2016,49.48,8069.60,67.29
25-05-2016,49.56,7934.90,67.45
24-05-2016,48.62,7748.80,67.71
23-05-2016,48.08,7731.00,67.35
20-05-2016,48.28,7749.70,67.41
19-05-2016,48.47,7783.40,67.23
18-05-2016,48.43,7870.10,66.91
17-05-2016,48.45,7890.70,66.72
16-05-2016,47.72,7860.70,66.82
13-05-2016,46.21,7814.90,66.76
12-05-2016,46.70,7900.40,66.60
11-05-2016,46.23,7848.80,66.70
10-05-2016,44.66,7887.80,66.72
09-05-2016,43.44,7866.00,66.44
06-05-2016,44.66,7733.40,66.58
05-05-2016,44.32,7735.50,66.51
04-05-2016,43.78,7706.50,66.54
03-05-2016,43.65,7747.00,66.27
02-05-2016,44.78,7805.90,66.34
29-04-2016,45.92,7849.80,66.52
28-04-2016,46.03,7847.20,66.40
27-04-2016,45.33,7979.90,66.55
26-04-2016,44.04,7962.60,66.73
25-04-2016,42.64,7855.00,66.68
22-04-2016,43.73,7899.30,66.49
21-04-2016,43.18,7912.00,66.29
20-04-2016,43.87,7914.70,66.24
19-04-2016,41.91,,
18-04-2016,40.34,7914.70,66.67
15-04-2016,40.63,,
14-04-2016,41.50,,
13-04-2016,41.76,7850.40,66.43
12-04-2016,42.17,7708.90,66.50
11-04-2016,40.36,7671.40,66.39
08-04-2016,39.72,7555.20,
07-04-2016,37.26,7546.40,66.47
06-04-2016,37.75,7614.30,66.58
05-04-2016,35.89,7603.20,66.32
04-04-2016,35.70,7758.80,66.24
01-04-2016,36.79,7713.00,
31-03-2016,38.34,7738.40,66.33
30-03-2016,38.32,7735.20,66.41
29-03-2016,38.28,7597.00,66.56
28-03-2016,39.39,7615.10,66.67
24-03-2016,39.46,,
23-03-2016,39.79,7716.50,66.86
22-03-2016,41.45,7714.90,66.54
21-03-2016,41.20,7704.20,66.50
18-03-2016,40.46,7604.30,66.61
17-03-2016,40.78,7512.50,66.88
16-03-2016,38.77,7498.70,67.37
15-03-2016,36.34,7460.60,67.23
14-03-2016,37.18,7538.70,67.02
11-03-2016,38.50,7510.20,67.09
10-03-2016,37.84,7486.10,67.05
09-03-2016,38.29,7531.80,67.46
08-03-2016,36.50,7485.30,67.34
07-03-2016,37.90,,
04-03-2016,35.92,7485.30,67.27
03-03-2016,34.57,7475.60,67.38
02-03-2016,34.66,7368.80,67.70
01-03-2016,34.40,7222.30,68.16
29-02-2016,33.75,6987.00,68.62
26-02-2016,32.78,7029.70,68.78
25-02-2016,33.07,6970.60,68.60
24-02-2016,32.15,7018.70,68.57
23-02-2016,31.87,7109.50,68.64
22-02-2016,33.01,7234.50,68.55
19-02-2016,30.91,7210.70,
18-02-2016,31.63,7191.70,68.49
17-02-2016,31.12,7108.40,68.59
16-02-2016,29.04,7048.20,68.34
12-02-2016,29.44,6980.90,68.44
11-02-2016,26.21,6976.30,68.02
10-02-2016,27.45,7215.70,67.88
09-02-2016,27.94,7298.20,68.16
08-02-2016,29.69,7387.20,67.82
05-02-2016,30.89,7489.10,67.64
04-02-2016,31.72,7404.00,67.81
03-02-2016,32.28,7361.80,68.18
02-02-2016,29.88,7455.50,67.83
01-02-2016,31.62,7555.90,67.67
29-01-2016,33.62,7563.50,67.88
28-01-2016,33.22,7424.60,68.09
27-01-2016,32.30,7437.70,67.98
26-01-2016,31.45,,
25-01-2016,30.34,7436.10,67.64
22-01-2016,32.19,7422.40,67.75
21-01-2016,29.53,7276.80,68.06
20-01-2016,27.99,7309.30,67.98
19-01-2016,29.13,7435.10,67.56
15-01-2016,29.81,7437.80,67.43
14-01-2016,31.38,7536.80,67.10
13-01-2016,30.48,7562.40,66.84
12-01-2016,30.44,7510.30,66.89
11-01-2016,31.41,7563.80,66.79
08-01-2016,33.16,7601.30,66.67
07-01-2016,33.27,7568.30,66.91
06-01-2016,33.97,7741.00,66.72
05-01-2016,35.97,7784.60,66.54
04-01-2016,36.76,7791.30,66.46
31-12-2015,37.04,7946.30,66.33
30-12-2015,36.60,7896.20,66.42
29-12-2015,37.87,7928.90,66.37
28-12-2015,36.81,7925.10,66.14
24-12-2015,38.10,7861.00,
23-12-2015,37.50,7865.90,66.20
22-12-2015,36.14,7786.10,66.30
21-12-2015,35.60,7834.40,66.32
18-12-2015,35.53,7761.90,66.42
17-12-2015,35.48,7844.30,66.65
16-12-2015,35.77,7750.90,66.85
15-12-2015,37.35,7700.90,67.04
14-12-2015,36.31,7650.00,66.99
11-12-2015,35.62,7610.40,66.79
10-12-2015,36.76,7683.30,66.79
09-12-2015,37.16,7612.50,66.75
08-12-2015,37.51,7701.70,66.80
07-12-2015,37.65,7765.40,66.63
04-12-2015,39.97,7781.90,66.84
03-12-2015,41.08,7864.10,66.75
02-12-2015,39.94,7931.30,66.62
01-12-2015,41.85,7954.90,66.52
30-11-2015,41.65,7935.20,66.81
27-11-2015,41.71,7942.70,66.75
25-11-2015,43.04,,
24-11-2015,42.87,7831.60,66.38
23-11-2015,41.75,7849.20,66.35
20-11-2015,41.60,7856.50,66.09
19-11-2015,41.25,7842.70,66.11
18-11-2015,41.23,7731.80,66.11
17-11-2015,40.88,7837.50,65.98
16-11-2015,41.74,7806.60,66.17
13-11-2015,40.74,7762.20,66.14
12-11-2015,41.75,,
11-11-2015,42.93,7825.00,
10-11-2015,44.21,7783.30,66.35
09-11-2015,43.87,7915.20,66.34
06-11-2015,44.29,7954.30,65.79
05-11-2015,45.20,7955.40,65.68
04-11-2015,46.32,8040.20,65.57
03-11-2015,47.90,8060.70,65.45
02-11-2015,46.14,8050.80,65.48
30-10-2015,46.59,8065.80,65.22
29-10-2015,46.06,8111.70,65.15
28-10-2015,45.94,8171.20,65.04
27-10-2015,43.20,8232.90,64.96
26-10-2015,43.98,8260.50,64.96
23-10-2015,44.60,8295.40,64.88
22-10-2015,45.38,,
21-10-2015,45.20,8251.70,65.15
20-10-2015,46.14,8261.60,64.89
19-10-2015,46.12,8275.00,64.82
16-10-2015,47.44,8238.10,64.97
15-10-2015,46.48,8179.50,64.82
14-10-2015,46.64,8107.90,65.11
13-10-2015,46.66,8131.70,65.02
12-10-2015,47.10,8143.60,64.73
09-10-2015,49.63,8189.70,64.78
08-10-2015,49.43,8129.30,65.16
07-10-2015,47.81,8177.40,65.26
06-10-2015,48.53,8152.90,65.39
05-10-2015,46.26,8119.30,65.29
02-10-2015,45.54,,
01-10-2015,44.74,7950.90,65.55
30-09-2015,45.09,7948.90,65.74
29-09-2015,45.23,7843.30,66.18
28-09-2015,44.43,7795.70,66.08
25-09-2015,45.70,,
24-09-2015,44.91,7868.50,66.10
23-09-2015,44.48,7845.90,65.97
22-09-2015,46.25,7812.00,65.63
21-09-2015,46.85,7977.10,65.75
18-09-2015,44.82,7981.90,65.93
17-09-2015,46.96,,
16-09-2015,47.15,7899.10,66.50
15-09-2015,44.59,7829.10,66.44
14-09-2015,44.00,7872.20,66.37
11-09-2015,44.63,7789.30,66.39
10-09-2015,45.92,7788.10,66.58
09-09-2015,44.15,7818.60,66.29
08-09-2015,45.94,7688.20,66.61
04-09-2015,46.05,7655.00,66.40
03-09-2015,46.75,7823.00,66.23
02-09-2015,46.25,7717.00,66.16
01-09-2015,45.41,7785.80,66.26
31-08-2015,49.20,7971.30,66.31
28-08-2015,45.22,8001.90,66.08
27-08-2015,42.56,7948.90,66.06
26-08-2015,38.60,7791.80,66.16
25-08-2015,39.31,7880.70,66.71
24-08-2015,38.24,7809.00,66.51
21-08-2015,40.45,8299.90,65.83
20-08-2015,41.28,8372.70,65.24
19-08-2015,41.08,8495.10,65.25
18-08-2015,42.82,8466.50,
17-08-2015,41.98,8477.30,65.22
14-08-2015,42.50,8518.50,65.12
13-08-2015,42.23,8355.80,64.92
12-08-2015,43.30,8349.40,64.83
11-08-2015,43.08,8462.30,64.17
10-08-2015,44.96,8525.60,63.76
07-08-2015,43.87,8564.60,63.81
06-08-2015,44.66,8588.60,63.76
05-08-2015,45.15,8567.90,63.82
04-08-2015,45.74,8516.90,63.93
03-08-2015,45.17,8543.00,63.96
31-07-2015,47.12,8532.80,64.01
30-07-2015,48.52,8421.80,64.01
29-07-2015,48.79,8375.00,63.89
28-07-2015,47.98,8337.00,64.03
27-07-2015,47.39,8361.00,64.00
24-07-2015,48.14,8521.50,63.89
23-07-2015,48.45,8589.80,63.71
22-07-2015,49.19,8633.50,63.53
21-07-2015,50.76,8529.40,63.65
20-07-2015,50.32,8603.40,63.55
17-07-2015,51.02,8609.80,63.49
16-07-2015,50.98,8608.00,63.50
15-07-2015,51.41,8523.80,63.38
14-07-2015,53.04,8454.10,63.50
13-07-2015,52.20,8459.60,63.47
10-07-2015,52.74,8360.50,63.38
09-07-2015,52.78,8328.50,63.51
08-07-2015,51.65,8363.00,63.57
07-07-2015,52.33,8510.80,63.37
06-07-2015,52.53,8522.10,63.58
02-07-2015,56.93,8444.90,63.57
01-07-2015,56.96,8453.00,63.62
30-06-2015,59.47,8368.50,63.75
29-06-2015,58.33,8318.40,63.92
26-06-2015,59.63,8381.10,63.60
25-06-2015,59.70,8398.00,63.61
24-06-2015,60.27,8360.80,63.66
23-06-2015,61.01,8381.50,63.64
22-06-2015,60.24,8353.10,63.51
19-06-2015,59.83,8224.90,63.82
18-06-2015,60.60,8174.60,63.85
17-06-2015,60.00,8091.50,64.11
16-06-2015,59.97,8047.30,64.15
15-06-2015,59.52,8013.90,64.09
12-06-2015,59.96,7982.90,64.03
11-06-2015,60.77,7965.30,63.89
10-06-2015,61.43,8124.40,63.88
09-06-2015,60.14,8022.40,63.94
08-06-2015,58.14,8044.10,64.11
05-06-2015,59.13,8114.70,63.90
04-06-2015,58.00,8130.60,64.18
03-06-2015,59.64,8135.10,63.85
02-06-2015,61.26,8236.40,63.83
01-06-2015,60.20,8433.40,63.61
29-05-2015,60.30,8433.60,63.76
28-05-2015,57.68,8319.00,63.90
27-05-2015,57.51,8334.60,63.95
26-05-2015,58.03,8339.30,63.85
22-05-2015,59.72,8458.90,63.57
21-05-2015,60.72,8421.00,63.70
20-05-2015,58.98,8423.20,63.87
19-05-2015,57.84,8365.60,63.69
18-05-2015,59.92,8373.60,63.55
15-05-2015,60.03,8262.30,63.58
14-05-2015,60.07,8224.20,63.84
13-05-2015,60.50,8235.40,64.19
12-05-2015,60.75,8126.90,64.20
11-05-2015,59.25,8325.20,63.85
08-05-2015,59.39,8191.50,64.05
07-05-2015,58.94,8057.30,63.88
06-05-2015,60.93,8097.00,63.64
05-05-2015,60.40,8324.80,63.52
04-05-2015,58.93,8331.90,
01-05-2015,59.15,,
30-04-2015,59.63,8181.50,63.58
29-04-2015,58.58,8239.70,63.20
28-04-2015,57.06,8285.60,63.33
27-04-2015,56.99,8213.80,63.61
24-04-2015,57.15,8305.20,63.40
23-04-2015,57.74,8398.30,63.19
22-04-2015,56.16,8429.70,62.82
21-04-2015,56.34,8377.70,62.92
20-04-2015,57.28,8448.10,62.56
17-04-2015,56.37,8606.00,62.35
16-04-2015,56.99,8706.70,62.37
15-04-2015,56.39,8750.20,62.40
14-04-2015,53.29,,
13-04-2015,51.91,8834.00,62.39
10-04-2015,51.64,8780.30,62.37
09-04-2015,50.79,8778.30,62.26
08-04-2015,50.42,8714.40,62.33
07-04-2015,53.98,8660.30,62.33
06-04-2015,52.14,8659.90,62.16
02-04-2015,49.14,,
01-04-2015,50.09,8586.20,
31-03-2015,47.60,8491.00,62.59
30-03-2015,48.68,8492.30,62.63
27-03-2015,48.87,8341.40,62.61
26-03-2015,51.43,8342.10,62.67
25-03-2015,49.21,8530.80,62.34
24-03-2015,47.51,8542.90,62.20
23-03-2015,47.45,8550.90,62.29
20-03-2015,46.40,8570.90,62.49
19-03-2015,44.90,8634.60,62.42
18-03-2015,45.46,8685.90,62.67
17-03-2015,43.81,8723.30,62.69
16-03-2015,43.88,8633.10,62.82
13-03-2015,44.84,8647.70,62.67
12-03-2015,47.05,8776.00,62.57
11-03-2015,48.17,8699.90,62.75
10-03-2015,48.29,8712.00,62.70
09-03-2015,50.00,8756.70,62.62
06-03-2015,49.61,,
05-03-2015,50.76,8937.70,62.20
04-03-2015,51.53,8922.60,61.85
03-03-2015,50.52,8996.20,61.84
02-03-2015,49.59,8956.70,61.82
27-02-2015,49.76,8844.60,61.79
26-02-2015,48.17,8683.80,61.94
25-02-2015,50.99,8767.20,62.05
24-02-2015,49.28,8762.10,62.28
23-02-2015,49.45,8754.90,62.18
20-02-2015,50.72,8833.60,62.26
19-02-2015,51.56,8895.30,
18-02-2015,52.41,8869.10,62.25
17-02-2015,53.68,,
13-02-2015,52.78,8805.50,62.14
12-02-2015,51.21,8711.50,62.43
11-02-2015,48.84,8627.40,62.15
10-02-2015,50.02,8565.50,61.96
09-02-2015,52.86,8526.30,62.14
06-02-2015,51.69,8661.00,61.74
05-02-2015,50.48,8711.70,61.87
04-02-2015,48.45,8723.70,61.68
03-02-2015,53.05,8756.50,61.74
02-02-2015,49.57,8797.40,61.88
30-01-2015,48.24,8808.90,61.76
29-01-2015,44.53,8952.30,61.50
28-01-2015,44.45,8914.30,61.41
27-01-2015,46.23,8910.50,61.46
26-01-2015,45.15,,
23-01-2015,45.59,8835.60,61.50
22-01-2015,46.31,8761.40,61.69
21-01-2015,47.78,8729.50,61.61
20-01-2015,46.45,8695.60,61.85
16-01-2015,48.95,8513.80,61.89
15-01-2015,46.44,8494.10,61.76
14-01-2015,48.58,8277.50,62.15
13-01-2015,45.89,8299.40,62.10
12-01-2015,46.07,8323.00,62.16
09-01-2015,48.36,8284.50,62.40
08-01-2015,48.79,8234.60,62.97
07-01-2015,48.65,8102.10,63.45
06-01-2015,47.93,8127.30,63.39
05-01-2015,50.04,8378.40,63.39
02-01-2015,52.69,8395.40,63.29
31-12-2014,53.27,8282.70,63.33
30-12-2014,54.12,8248.20,63.75
29-12-2014,53.61,8246.30,63.65
26-12-2014,54.73,8200.70,63.64
24-12-2014,55.84,8174.10,63.46
23-12-2014,57.12,8267.00,63.45
22-12-2014,55.26,8324.00,63.18
19-12-2014,57.01,8225.20,63.07
18-12-2014,54.26,8159.30,63.32
17-12-2014,56.60,8029.80,63.58
16-12-2014,56.00,8067.60,63.41
15-12-2014,55.91,8219.60,62.65
12-12-2014,57.81,8224.10,62.44
11-12-2014,59.95,8292.90,62.21
10-12-2014,60.94,8355.60,61.95
09-12-2014,63.82,8340.70,61.88
08-12-2014,63.05,8438.20,61.93
05-12-2014,65.84,8538.30,61.85
04-12-2014,66.81,8564.40,61.88
03-12-2014,67.38,8537.60,61.89
02-12-2014,66.88,8524.70,61.93
01-12-2014,69.00,8555.90,62.14
28-11-2014,66.15,8588.20,61.97
26-11-2014,73.69,8475.70,61.87
25-11-2014,74.09,8463.10,61.92
24-11-2014,75.78,8530.10,61.78
21-11-2014,76.51,8477.30,61.85
20-11-2014,75.80,8401.90,62.10
19-11-2014,74.53,8382.30,61.83
18-11-2014,74.62,8425.90,61.81
17-11-2014,75.64,8430.70,61.68
14-11-2014,75.82,8389.90,61.65
13-11-2014,74.21,8357.80,61.56
12-11-2014,77.18,8383.30,61.48
11-11-2014,77.94,8362.60,61.55
10-11-2014,77.40,8344.20,61.45
07-11-2014,78.65,8337.00,61.52
06-11-2014,77.91,,
05-11-2014,78.68,8338.30,61.39
04-11-2014,77.19,,
03-11-2014,78.78,8324.10,61.41
31-10-2014,80.54,8322.20,61.41
30-10-2014,81.12,8169.20,61.46
29-10-2014,82.20,8090.40,61.32
28-10-2014,81.42,8027.60,61.35
27-10-2014,81.00,7991.70,61.23
24-10-2014,81.01,,
23-10-2014,82.09,8014.50,
22-10-2014,80.52,7995.90,61.24
21-10-2014,82.55,7927.70,61.30
20-10-2014,82.23,7879.40,61.29
17-10-2014,82.47,7779.70,61.62
16-10-2014,82.55,7748.20,61.48
15-10-2014,81.78,,
14-10-2014,81.84,7864.00,61.11
13-10-2014,85.74,7884.20,61.25
10-10-2014,85.82,7859.90,61.16
09-10-2014,85.77,7960.50,61.04
08-10-2014,87.31,7842.70,61.46
07-10-2014,88.85,7852.40,61.36
06-10-2014,90.34,,
03-10-2014,89.74,,
02-10-2014,91.01,,
01-10-2014,90.73,7945.50,61.75
30-09-2014,91.16,7964.80,61.61
29-09-2014,94.57,7958.90,61.43
26-09-2014,93.54,7968.80,61.57
25-09-2014,92.53,7911.80,61.02
24-09-2014,92.80,8002.40,61.03
23-09-2014,91.56,8017.50,60.87
22-09-2014,91.00,8146.30,60.79
19-09-2014,91.95,8121.40,60.81
18-09-2014,92.63,8114.70,61.06
17-09-2014,94.18,7975.50,60.95
16-09-2014,94.88,7932.90,61.10
15-09-2014,92.92,8042.00,60.99
12-09-2014,92.27,8105.50,60.84
11-09-2014,92.83,8085.70,60.92
10-09-2014,91.67,8094.10,60.83
09-09-2014,92.75,8152.90,60.43
08-09-2014,92.66,8173.90,60.26
05-09-2014,93.29,8086.80,60.44
04-09-2014,94.45,8095.90,60.45
03-09-2014,95.54,8114.60,60.54
02-09-2014,92.88,8083.00,60.61
29-08-2014,95.96,,
28-08-2014,94.55,7954.30,60.47
27-08-2014,93.88,7936.00,60.47
26-08-2014,93.86,7904.70,60.50
25-08-2014,93.35,7906.30,60.43
22-08-2014,93.65,7913.20,60.44
21-08-2014,93.96,7891.10,60.77
20-08-2014,93.97,7875.30,60.67
19-08-2014,93.51,7897.50,60.73
18-08-2014,95.35,7874.20,
15-08-2014,96.94,,
14-08-2014,95.58,7791.70,61.06
13-08-2014,97.59,7739.50,61.25
12-08-2014,97.37,7727.00,61.18
11-08-2014,98.08,7625.90,61.12
08-08-2014,97.65,7568.50,61.56
07-08-2014,97.34,7649.20,61.41
06-08-2014,96.92,7672.00,61.34
05-08-2014,97.38,7746.50,60.87
04-08-2014,98.29,7683.60,61.02
01-08-2014,97.88,7602.60,60.85
31-07-2014,98.17,7721.30,60.25
30-07-2014,100.27,7791.40,60.15
29-07-2014,100.97,,
28-07-2014,101.67,7748.70,60.10
25-07-2014,102.09,7790.40,60.14
24-07-2014,102.07,7830.60,60.00
23-07-2014,103.12,7795.70,60.18
22-07-2014,102.80,7767.80,60.24
21-07-2014,103.55,7684.20,60.19
18-07-2014,102.66,7663.90,60.33
17-07-2014,102.99,7640.40,60.14
16-07-2014,101.20,7624.40,60.19
15-07-2014,99.96,7526.60,60.22
14-07-2014,100.91,7454.10,60.01
11-07-2014,100.83,7459.60,60.19
10-07-2014,102.93,7567.70,59.88
09-07-2014,102.29,7585.00,59.73
08-07-2014,103.40,7623.20,59.80
07-07-2014,103.53,7787.10,59.95
03-07-2014,104.06,7714.80,59.72
02-07-2014,104.48,7725.10,59.97
01-07-2014,105.34,7634.70,60.14
30-06-2014,105.37,7611.30,60.09
27-06-2014,105.74,7508.80,60.10
26-06-2014,105.84,7493.20,60.16
25-06-2014,106.50,7569.20,60.28
24-06-2014,106.03,7580.20,60.11
23-06-2014,106.17,7493.30,60.19
20-06-2014,106.92,7511.40,60.28
19-06-2014,106.20,7540.70,60.00
18-06-2014,105.82,7558.20,60.12
17-06-2014,106.26,7631.70,60.37
16-06-2014,106.90,7533.50,60.01
13-06-2014,106.91,7542.10,59.48
12-06-2014,106.53,7649.90,59.33
11-06-2014,104.40,7626.80,59.33
10-06-2014,104.35,7656.40,59.26
09-06-2014,104.41,7654.60,59.06
06-06-2014,102.66,7583.40,59.20
05-06-2014,102.48,7474.10,59.30
04-06-2014,102.64,7402.20,59.34
03-06-2014,102.66,7415.80,59.21
02-06-2014,102.47,7362.50,59.14
30-05-2014,102.71,7229.90,59.03
29-05-2014,103.58,7235.60,58.84
28-05-2014,102.72,7329.60,59.08
27-05-2014,104.11,7318.00,59.06
23-05-2014,104.35,7367.10,58.48
22-05-2014,103.74,7276.40,58.57
21-05-2014,104.07,7252.90,58.77
20-05-2014,102.35,7275.50,58.75
19-05-2014,102.31,7263.50,58.43
16-05-2014,101.84,7203.00,58.86
15-05-2014,101.43,7123.10,59.47
14-05-2014,102.37,7108.70,
13-05-2014,101.70,7108.70,59.88
12-05-2014,100.59,7014.20,59.73
09-05-2014,99.99,6858.80,60.05
08-05-2014,100.26,6659.80,59.99
07-05-2014,100.77,6652.50,60.04
06-05-2014,99.50,6715.30,60.20
05-05-2014,99.48,6699.30,60.05
02-05-2014,99.76,6694.80,60.23
01-05-2014,99.42,,
30-04-2014,99.74,6696.40,60.34
29-04-2014,101.28,6715.20,60.53
28-04-2014,100.84,6761.20,60.50
25-04-2014,100.60,6782.70,61.12
24-04-2014,101.94,,
23-04-2014,101.44,6840.80,61.07
22-04-2014,101.83,6815.30,60.71
21-04-2014,103.94,6817.60,60.34
17-04-2014,103.93,6779.40,60.38
16-04-2014,103.61,6675.30,60.23
15-04-2014,103.75,6733.10,60.26
14-04-2014,104.05,,
11-04-2014,103.74,6776.30,60.27
10-04-2014,103.40,6796.40,60.21
09-04-2014,103.60,6796.20,60.07
08-04-2014,102.56,,
07-04-2014,100.44,6695.00,59.95
04-04-2014,101.14,6694.30,60.32
03-04-2014,100.29,6736.10,60.12
